candidate_id,mhz,k,badness,quality_score,uncertainty,heatmap_mc_mse,decoder_mc_rce,epistemic_score,disagreement_score,prior_tension_score,peak_bias_score,p99_var,p99_mc_range,peak_loc_spread_px,pred_p99_mean,selected_reason
9,150.0,3,0.7257294654846191,-0.7257294654846191,0.7257294654846191,0.0,0.0,0.7257294654846191,0.6083073019981384,-0.3041536509990692,0.0,0.0,0.0,0.0,2.6265764236450195,worst_uncertainty_stratified_mhz
4,155.0,3,0.5162822008132935,-0.5162822008132935,0.5162822008132935,0.0,0.0,0.5162822008132935,0.6107394695281982,-0.3053697347640991,0.0,0.0,0.0,0.0,5.061104774475098,worst_uncertainty_stratified_mhz
79,180.0,3,0.9554015398025513,-0.9554015398025513,0.9554015398025513,0.0,0.0,0.9554015398025513,0.6081386804580688,-0.3040693402290344,0.0,0.0,0.0,0.0,5.313378810882568,worst_uncertainty_stratified_mhz
37,200.0,3,1.2629485130310059,-1.2629485130310059,1.2629485130310059,0.0,0.0,1.2629485130310059,0.6142197847366333,-0.30710989236831665,0.0,0.0,0.0,0.0,6.375553607940674,worst_uncertainty_stratified_mhz
151,230.0,3,0.9090843200683594,-0.9090843200683594,0.9090843200683594,0.0,0.0,0.9090843200683594,0.6330252289772034,-0.3165126144886017,0.0,0.0,0.0,0.0,2.4462459087371826,worst_uncertainty_stratified_mhz
6,250.0,3,0.6384510397911072,-0.6384510397911072,0.6384510397911072,0.0,0.0,0.6384510397911072,0.6217862367630005,-0.31089311838150024,0.0,0.0,0.0,0.0,6.043229103088379,worst_uncertainty_stratified_mhz
57,265.0,3,0.4863683879375458,-0.4863683879375458,0.4863683879375458,0.0,0.0,0.4863683879375458,0.6075538396835327,-0.30377691984176636,0.0,0.0,0.0,0.0,4.843896865844727,worst_uncertainty_stratified_mhz
15,270.0,3,0.5099111199378967,-0.5099111199378967,0.5099111199378967,0.0,0.0,0.5099111199378967,0.612383246421814,-0.306191623210907,0.0,0.0,0.0,0.0,4.454975128173828,worst_uncertainty_stratified_mhz
123,280.0,3,0.5374327301979065,-0.5374327301979065,0.5374327301979065,0.0,0.0,0.5374327301979065,0.6152777075767517,-0.30763885378837585,0.0,0.0,0.0,0.0,3.119565725326538,worst_uncertainty_stratified_mhz
16,300.0,3,0.5537092685699463,-0.5537092685699463,0.5537092685699463,0.0,0.0,0.5537092685699463,0.623317301273346,-0.311658650636673,0.0,0.0,0.0,0.0,1.9053852558135986,worst_uncertainty_stratified_mhz
296,150.0,4,0.741680383682251,-0.741680383682251,0.741680383682251,0.0,0.0,0.741680383682251,0.6129339933395386,-0.3064669966697693,0.0,0.0,0.0,0.0,2.297889471054077,worst_uncertainty_stratified_mhz
249,155.0,4,0.5655091404914856,-0.5655091404914856,0.5655091404914856,0.0,0.0,0.5655091404914856,0.6141365766525269,-0.3070682883262634,0.0,0.0,0.0,0.0,4.790576457977295,worst_uncertainty_stratified_mhz
274,180.0,4,0.687686562538147,-0.687686562538147,0.687686562538147,0.0,0.0,0.687686562538147,0.6060527563095093,-0.30302637815475464,0.0,0.0,0.0,0.0,5.664612293243408,worst_uncertainty_stratified_mhz
202,200.0,4,0.8905931115150452,-0.8905931115150452,0.8905931115150452,0.0,0.0,0.8905931115150452,0.6111115217208862,-0.3055557608604431,0.0,0.0,0.0,0.0,8.424781799316406,worst_uncertainty_stratified_mhz
279,230.0,4,1.4890360832214355,-1.4890360832214355,1.4890360832214355,0.0,0.0,1.4890360832214355,0.6281927227973938,-0.3140963613986969,0.0,0.0,0.0,0.0,1.7555625438690186,worst_uncertainty_stratified_mhz
390,250.0,4,0.7538193464279175,-0.7538193464279175,0.7538193464279175,0.0,0.0,0.7538193464279175,0.6222438216209412,-0.3111219108104706,0.0,0.0,0.0,0.0,5.720518589019775,worst_uncertainty_stratified_mhz
273,265.0,4,0.42784497141838074,-0.42784497141838074,0.42784497141838074,0.0,0.0,0.42784497141838074,0.6091724038124084,-0.3045862019062042,0.0,0.0,0.0,0.0,4.003302097320557,worst_uncertainty_stratified_mhz
318,270.0,4,0.4831732213497162,-0.4831732213497162,0.4831732213497162,0.0,0.0,0.4831732213497162,0.6101266741752625,-0.3050633370876312,0.0,0.0,0.0,0.0,5.111557483673096,worst_uncertainty_stratified_mhz
238,280.0,4,0.5520889759063721,-0.5520889759063721,0.5520889759063721,0.0,0.0,0.5520889759063721,0.6197488903999329,-0.30987444519996643,0.0,0.0,0.0,0.0,3.40970516204834,worst_uncertainty_stratified_mhz
351,300.0,4,0.6567777395248413,-0.6567777395248413,0.6567777395248413,0.0,0.0,0.6567777395248413,0.6130795478820801,-0.30653977394104004,0.0,0.0,0.0,0.0,2.6532628536224365,worst_uncertainty_stratified_mhz
572,150.0,5,1.0094637870788574,-1.0094637870788574,1.0094637870788574,0.0,0.0,1.0094637870788574,0.625581681728363,-0.3127908408641815,0.0,0.0,0.0,0.0,1.7376489639282227,worst_uncertainty_stratified_mhz
534,155.0,5,0.5506320595741272,-0.5506320595741272,0.5506320595741272,0.0,0.0,0.5506320595741272,0.6125459671020508,-0.3062729835510254,0.0,0.0,0.0,0.0,4.496257305145264,worst_uncertainty_stratified_mhz
565,180.0,5,0.5750789046287537,-0.5750789046287537,0.5750789046287537,0.0,0.0,0.5750789046287537,0.616485059261322,-0.308242529630661,0.0,0.0,0.0,0.0,3.3715739250183105,worst_uncertainty_stratified_mhz
483,200.0,5,0.7893379330635071,-0.7893379330635071,0.7893379330635071,0.0,0.0,0.7893379330635071,0.6082788705825806,-0.3041394352912903,0.0,0.0,0.0,0.0,5.30906867980957,worst_uncertainty_stratified_mhz
401,230.0,5,1.444341778755188,-1.444341778755188,1.444341778755188,0.0,0.0,1.444341778755188,0.6225602030754089,-0.31128010153770447,0.0,0.0,0.0,0.0,1.876530408859253,worst_uncertainty_stratified_mhz
400,250.0,5,0.7230039238929749,-0.7230039238929749,0.7230039238929749,0.0,0.0,0.7230039238929749,0.6146652698516846,-0.3073326349258423,0.0,0.0,0.0,0.0,3.6339588165283203,worst_uncertainty_stratified_mhz
429,270.0,5,0.5884535908699036,-0.5884535908699036,0.5884535908699036,0.0,0.0,0.5884535908699036,0.6238369345664978,-0.3119184672832489,0.0,0.0,0.0,0.0,4.480056285858154,worst_uncertainty_stratified_mhz
568,280.0,5,0.587277889251709,-0.587277889251709,0.587277889251709,0.0,0.0,0.587277889251709,0.6134166121482849,-0.30670830607414246,0.0,0.0,0.0,0.0,4.3602495193481445,worst_uncertainty_stratified_mhz
449,300.0,5,0.670687198638916,-0.670687198638916,0.670687198638916,0.0,0.0,0.670687198638916,0.6224450469017029,-0.31122252345085144,0.0,0.0,0.0,0.0,1.9666235446929932,worst_uncertainty_stratified_mhz
422,120.0,5,2.2296712398529053,-2.2296712398529053,2.2296712398529053,0.0,0.0,2.2296712398529053,0.628512442111969,-0.3142562210559845,0.0,0.0,0.0,0.0,7.598577499389648,worst_uncertainty_stratified_mhz
710,150.0,6,2.6346616744995117,-2.6346616744995117,2.6346616744995117,0.0,0.0,2.6346616744995117,0.6260741949081421,-0.31303709745407104,0.0,0.0,0.0,0.0,1.5512295961380005,worst_uncertainty_stratified_mhz
667,155.0,6,0.6068519949913025,-0.6068519949913025,0.6068519949913025,0.0,0.0,0.6068519949913025,0.6171212196350098,-0.3085606098175049,0.0,0.0,0.0,0.0,4.580612659454346,worst_uncertainty_stratified_mhz
728,180.0,6,0.5655419826507568,-0.5655419826507568,0.5655419826507568,0.0,0.0,0.5655419826507568,0.6086463928222656,-0.3043231964111328,0.0,0.0,0.0,0.0,2.52603816986084,worst_uncertainty_stratified_mhz
679,200.0,6,0.7321546077728271,-0.7321546077728271,0.7321546077728271,0.0,0.0,0.7321546077728271,0.6117905974388123,-0.30589529871940613,0.0,0.0,0.0,0.0,3.9479565620422363,worst_uncertainty_stratified_mhz
624,230.0,6,1.3488041162490845,-1.3488041162490845,1.3488041162490845,0.0,0.0,1.3488041162490845,0.6237285137176514,-0.3118642568588257,0.0,0.0,0.0,0.0,3.476350784301758,worst_uncertainty_stratified_mhz
727,250.0,6,0.9679208993911743,-0.9679208993911743,0.9679208993911743,0.0,0.0,0.9679208993911743,0.6251664161682129,-0.31258320808410645,0.0,0.0,0.0,0.0,3.1452763080596924,worst_uncertainty_stratified_mhz
734,265.0,6,0.47734153270721436,-0.47734153270721436,0.47734153270721436,0.0,0.0,0.47734153270721436,0.6109488606452942,-0.3054744303226471,0.0,0.0,0.0,0.0,4.480180263519287,worst_uncertainty_stratified_mhz
626,270.0,6,0.47980791330337524,-0.47980791330337524,0.47980791330337524,0.0,0.0,0.47980791330337524,0.6172194480895996,-0.3086097240447998,0.0,0.0,0.0,0.0,5.761972427368164,worst_uncertainty_stratified_mhz
641,280.0,6,0.5727293491363525,-0.5727293491363525,0.5727293491363525,0.0,0.0,0.5727293491363525,0.6148609519004822,-0.3074304759502411,0.0,0.0,0.0,0.0,4.803013324737549,worst_uncertainty_stratified_mhz
611,300.0,6,0.7552363872528076,-0.7552363872528076,0.7552363872528076,0.0,0.0,0.7552363872528076,0.6180676817893982,-0.3090338408946991,0.0,0.0,0.0,0.0,3.0895841121673584,worst_uncertainty_stratified_mhz
998,150.0,7,2.6164917945861816,-2.6164917945861816,2.6164917945861816,0.0,0.0,2.6164917945861816,0.6276184320449829,-0.31380921602249146,0.0,0.0,0.0,0.0,1.981964349746704,worst_uncertainty_stratified_mhz
943,155.0,7,0.5848022699356079,-0.5848022699356079,0.5848022699356079,0.0,0.0,0.5848022699356079,0.6176882982254028,-0.3088441491127014,0.0,0.0,0.0,0.0,3.828317880630493,worst_uncertainty_stratified_mhz
966,180.0,7,0.7069688439369202,-0.7069688439369202,0.7069688439369202,0.0,0.0,0.7069688439369202,0.6166186928749084,-0.3083093464374542,0.0,0.0,0.0,0.0,1.8288565874099731,worst_uncertainty_stratified_mhz
889,200.0,7,0.6633015871047974,-0.6633015871047974,0.6633015871047974,0.0,0.0,0.6633015871047974,0.6104835867881775,-0.30524179339408875,0.0,0.0,0.0,0.0,3.160836935043335,worst_uncertainty_stratified_mhz
914,230.0,7,1.2260339260101318,-1.2260339260101318,1.2260339260101318,0.0,0.0,1.2260339260101318,0.6172198057174683,-0.30860990285873413,0.0,0.0,0.0,0.0,3.5409247875213623,worst_uncertainty_stratified_mhz
906,250.0,7,1.3867018222808838,-1.3867018222808838,1.3867018222808838,0.0,0.0,1.3867018222808838,0.6279759407043457,-0.31398797035217285,0.0,0.0,0.0,0.0,2.114065408706665,worst_uncertainty_stratified_mhz
841,265.0,7,0.45489025115966797,-0.45489025115966797,0.45489025115966797,0.0,0.0,0.45489025115966797,0.6157747507095337,-0.30788737535476685,0.0,0.0,0.0,0.0,4.45218563079834,worst_uncertainty_stratified_mhz
884,270.0,7,0.4942116141319275,-0.4942116141319275,0.4942116141319275,0.0,0.0,0.4942116141319275,0.6169604063034058,-0.3084802031517029,0.0,0.0,0.0,0.0,3.0913045406341553,worst_uncertainty_stratified_mhz
868,280.0,7,0.5413506627082825,-0.5413506627082825,0.5413506627082825,0.0,0.0,0.5413506627082825,0.6175161600112915,-0.30875808000564575,0.0,0.0,0.0,0.0,2.992091417312622,worst_uncertainty_stratified_mhz
822,300.0,7,0.7365506887435913,-0.7365506887435913,0.7365506887435913,0.0,0.0,0.7365506887435913,0.6226362586021423,-0.31131812930107117,0.0,0.0,0.0,0.0,4.255280494689941,worst_uncertainty_stratified_mhz
1020,150.0,8,1.2895617485046387,-1.2895617485046387,1.2895617485046387,0.0,0.0,1.2895617485046387,0.6202682852745056,-0.3101341426372528,0.0,0.0,0.0,0.0,7.999428749084473,worst_uncertainty_stratified_mhz
1041,155.0,8,0.7103210687637329,-0.7103210687637329,0.7103210687637329,0.0,0.0,0.7103210687637329,0.6229174733161926,-0.3114587366580963,0.0,0.0,0.0,0.0,4.5265655517578125,worst_uncertainty_stratified_mhz
1053,180.0,8,1.6314969062805176,-1.6314969062805176,1.6314969062805176,0.0,0.0,1.6314969062805176,0.6173418164253235,-0.30867090821266174,0.0,0.0,0.0,0.0,1.4210761785507202,worst_uncertainty_stratified_mhz
1116,200.0,8,0.4653863310813904,-0.4653863310813904,0.4653863310813904,0.0,0.0,0.4653863310813904,0.6260096430778503,-0.31300482153892517,0.0,0.0,0.0,0.0,3.05424427986145,worst_uncertainty_stratified_mhz
1090,230.0,8,1.0579140186309814,-1.0579140186309814,1.0579140186309814,0.0,0.0,1.0579140186309814,0.6285622119903564,-0.3142811059951782,0.0,0.0,0.0,0.0,4.867778301239014,worst_uncertainty_stratified_mhz
1191,250.0,8,1.351489782333374,-1.351489782333374,1.351489782333374,0.0,0.0,1.351489782333374,0.6254589557647705,-0.31272947788238525,0.0,0.0,0.0,0.0,2.0914363861083984,worst_uncertainty_stratified_mhz
1197,265.0,8,0.5469661355018616,-0.5469661355018616,0.5469661355018616,0.0,0.0,0.5469661355018616,0.6196407079696655,-0.30982035398483276,0.0,0.0,0.0,0.0,3.8821511268615723,worst_uncertainty_stratified_mhz
1074,270.0,8,0.698557436466217,-0.698557436466217,0.698557436466217,0.0,0.0,0.698557436466217,0.6173637509346008,-0.3086818754673004,0.0,0.0,0.0,0.0,2.775668144226074,worst_uncertainty_stratified_mhz
1176,280.0,8,0.6559081673622131,-0.6559081673622131,0.6559081673622131,0.0,0.0,0.6559081673622131,0.6166083216667175,-0.30830416083335876,0.0,0.0,0.0,0.0,4.435400009155273,worst_uncertainty_stratified_mhz
1129,300.0,8,0.7553187608718872,-0.7553187608718872,0.7553187608718872,0.0,0.0,0.7553187608718872,0.6226584315299988,-0.3113292157649994,0.0,0.0,0.0,0.0,3.529956579208374,worst_uncertainty_stratified_mhz
1204,150.0,9,1.0216083526611328,-1.0216083526611328,1.0216083526611328,0.0,0.0,1.0216083526611328,0.6203801035881042,-0.3101900517940521,0.0,0.0,0.0,0.0,4.3331804275512695,worst_uncertainty_stratified_mhz
1388,155.0,9,0.8118203282356262,-0.8118203282356262,0.8118203282356262,0.0,0.0,0.8118203282356262,0.6305199861526489,-0.31525999307632446,0.0,0.0,0.0,0.0,4.461712837219238,worst_uncertainty_stratified_mhz
1239,180.0,9,1.7444181442260742,-1.7444181442260742,1.7444181442260742,0.0,0.0,1.7444181442260742,0.6233176589012146,-0.3116588294506073,0.0,0.0,0.0,0.0,4.858964920043945,worst_uncertainty_stratified_mhz
1283,200.0,9,0.7001602649688721,-0.7001602649688721,0.7001602649688721,0.0,0.0,0.7001602649688721,0.6254709362983704,-0.3127354681491852,0.0,0.0,0.0,0.0,1.9033007621765137,worst_uncertainty_stratified_mhz
1218,230.0,9,0.7783099412918091,-0.7783099412918091,0.7783099412918091,0.0,0.0,0.7783099412918091,0.6282127499580383,-0.31410637497901917,0.0,0.0,0.0,0.0,6.141101360321045,worst_uncertainty_stratified_mhz
1302,250.0,9,1.3079228401184082,-1.3079228401184082,1.3079228401184082,0.0,0.0,1.3079228401184082,0.6245352029800415,-0.31226760149002075,0.0,0.0,0.0,0.0,2.5646607875823975,worst_uncertainty_stratified_mhz
1298,265.0,9,0.5101955533027649,-0.5101955533027649,0.5101955533027649,0.0,0.0,0.5101955533027649,0.6184263825416565,-0.30921319127082825,0.0,0.0,0.0,0.0,4.784315586090088,worst_uncertainty_stratified_mhz
1233,270.0,9,0.8773157596588135,-0.8773157596588135,0.8773157596588135,0.0,0.0,0.8773157596588135,0.6259479522705078,-0.3129739761352539,0.0,0.0,0.0,0.0,1.7914401292800903,worst_uncertainty_stratified_mhz
1253,280.0,9,0.5278813242912292,-0.5278813242912292,0.5278813242912292,0.0,0.0,0.5278813242912292,0.6234269738197327,-0.31171348690986633,0.0,0.0,0.0,0.0,3.584304094314575,worst_uncertainty_stratified_mhz
1303,300.0,9,0.9285176992416382,-0.9285176992416382,0.9285176992416382,0.0,0.0,0.9285176992416382,0.6261880397796631,-0.31309401988983154,0.0,0.0,0.0,0.0,3.4859695434570312,worst_uncertainty_stratified_mhz
1463,150.0,10,0.6608238220214844,-0.6608238220214844,0.6608238220214844,0.0,0.0,0.6608238220214844,0.6172292232513428,-0.3086146116256714,0.0,0.0,0.0,0.0,3.6252079010009766,worst_uncertainty_stratified_mhz
1421,155.0,10,0.7205972075462341,-0.7205972075462341,0.7205972075462341,0.0,0.0,0.7205972075462341,0.6150401830673218,-0.3075200915336609,0.0,0.0,0.0,0.0,3.4260876178741455,worst_uncertainty_stratified_mhz
1526,180.0,10,1.740107774734497,-1.740107774734497,1.740107774734497,0.0,0.0,1.740107774734497,0.6268392205238342,-0.3134196102619171,0.0,0.0,0.0,0.0,4.761996746063232,worst_uncertainty_stratified_mhz
1448,200.0,10,0.9554643630981445,-0.9554643630981445,0.9554643630981445,0.0,0.0,0.9554643630981445,0.6229039430618286,-0.3114519715309143,0.0,0.0,0.0,0.0,1.5622252225875854,worst_uncertainty_stratified_mhz
1558,230.0,10,0.5985094308853149,-0.5985094308853149,0.5985094308853149,0.0,0.0,0.5985094308853149,0.6216914057731628,-0.3108457028865814,0.0,0.0,0.0,0.0,4.148386478424072,worst_uncertainty_stratified_mhz
1501,250.0,10,0.9361159801483154,-0.9361159801483154,0.9361159801483154,0.0,0.0,0.9361159801483154,0.6169887185096741,-0.30849435925483704,0.0,0.0,0.0,0.0,4.000550746917725,worst_uncertainty_stratified_mhz
1563,265.0,10,0.46021896600723267,-0.46021896600723267,0.46021896600723267,0.0,0.0,0.46021896600723267,0.6115589737892151,-0.30577948689460754,0.0,0.0,0.0,0.0,3.711115598678589,worst_uncertainty_stratified_mhz
1469,270.0,10,0.831900954246521,-0.831900954246521,0.831900954246521,0.0,0.0,0.831900954246521,0.6246434450149536,-0.3123217225074768,0.0,0.0,0.0,0.0,2.141801595687866,worst_uncertainty_stratified_mhz
1437,280.0,10,0.6467905044555664,-0.6467905044555664,0.6467905044555664,0.0,0.0,0.6467905044555664,0.6152553558349609,-0.30762767791748047,0.0,0.0,0.0,0.0,2.052652597427368,worst_uncertainty_stratified_mhz
1533,300.0,10,0.664399266242981,-0.664399266242981,0.664399266242981,0.0,0.0,0.664399266242981,0.6193339824676514,-0.3096669912338257,0.0,0.0,0.0,0.0,3.7835538387298584,worst_uncertainty_stratified_mhz
