mhz,k,sample,label,mae_ohm,rmse_ohm,median_abs_diff_ohm,p95_abs_diff_ohm,max_abs_diff_ohm,nrmse_ohm,mape_pct,real_max_ohm,gen_max_ohm,real_p95_ohm,gen_p95_ohm,real_mean_ohm,gen_mean_ohm,max_ratio,mean_ratio,pearson_r,spearman_rho,pattern_mae,pattern_rmse,peak_loc_err_px,peak_real_ohm,peak_gen_ohm
10.0,7,0,sample_0,0.0,0.0,0.0,0.0,0.0,0.0,0.0,0.34927003938293977,0.2094947099685669,0.16984837840692235,0.1435301661491394,0.08071304148000583,0.07242622492196676,0.599807273302583,0.8973298935824161,0.9041816696553772,0.8083752426618285,0.07777652600272449,0.11431133006705992,0.0,0.34927003938293977,0.2094947099685669
10.0,8,0,sample_0,0.0,0.0,0.0,0.0,0.0,0.0,0.0,0.3522773743864036,0.2272963523864746,0.1564642813563004,0.14118642807006834,0.07644942796874103,0.07017530066705806,0.6452198435462373,0.9179310104943053,0.965080571577963,0.9231370154166093,0.04335998546321005,0.07525111985362659,0.0,0.3522773743864036,0.2272963523864746
10.0,9,0,sample_0,0.0,0.0,0.0,0.0,0.0,0.0,0.0,0.3342694336742511,0.20659315586090088,0.15321188911257602,0.13848084211349485,0.07528587497142618,0.06822648564557651,0.6180438145063182,0.9062322204725791,0.9422321119824557,0.8761437398161953,0.07460180151895796,0.11356848860309353,63.0,0.3342694336742511,0.20659315586090088
10.0,10,0,sample_0,0.0,0.0,0.0,0.0,0.0,0.0,0.0,0.3461543435466865,0.24229168891906738,0.1692396516045387,0.17684332132339473,0.0853698035048555,0.08373931835303496,0.6999527622174385,0.9809009147862475,0.8102508631579206,0.7775062072050288,0.09916577796794472,0.15757097589667074,1.0,0.3461543435466865,0.24229168891906738
10.0,11,0,sample_0,0.0,0.0,0.0,0.0,0.0,0.0,0.0,0.35194998822105994,0.225091814994812,0.1636261605635584,0.14984959363937375,0.08132424259235428,0.07144855914554951,0.6395562509677702,0.8785640894768907,0.9694569399182166,0.9165277604222025,0.06523267843725578,0.09770525335034753,0.0,0.35194998822105994,0.225091814994812
10.0,12,0,sample_0,0.0,0.0,0.0,0.0,0.0,0.0,0.0,0.34650303114015557,0.2149670124053955,0.1740912530233251,0.1481475055217741,0.08837178677786521,0.07323108630858378,0.6203899911006677,0.8286704272785648,0.930003996324073,0.9034946798298796,0.04983347178723463,0.09141748753696528,63.0,0.34650303114015557,0.2149670124053955
10.0,13,0,sample_0,0.0,0.0,0.0,0.0,0.0,0.0,0.0,0.362076294104698,0.2491363286972046,0.16514679274481686,0.19699674844741816,0.07960051769119166,0.08644515692770897,0.6880768853239653,1.085987370874533,0.8938735284945285,0.8067745835915471,0.10849318859736955,0.16152556320531353,1.0,0.362076294104698,0.2491363286972046
10.0,14,0,sample_0,0.0,0.0,0.0,0.0,0.0,0.0,0.0,0.34433598043766783,0.2506225109100342,0.15356264485023982,0.18428364992141724,0.07506574305065158,0.08946403155932615,0.7278429358194887,1.1918090452919268,0.9053021879581054,0.8447608373712553,0.10673090631530904,0.15061443240351094,1.0,0.34433598043766783,0.2506225109100342
10.0,15,0,sample_0,0.0,0.0,0.0,0.0,0.0,0.0,0.0,0.3521525633555363,0.21198797225952148,0.17164046572978212,0.13510715961456296,0.08467298885428665,0.06787561661713606,0.6019776492312412,0.8016206530035558,0.9285741310274488,0.8752456646471943,0.042387414247140744,0.07227111135249448,63.0,0.3521525633555363,0.21198797225952148
10.0,16,0,sample_0,0.0,0.0,0.0,0.0,0.0,0.0,0.0,0.33552113823119706,0.2019340991973877,0.1388865264733498,0.12197292447090144,0.06749248342897637,0.06342334044980003,0.6018520927234137,0.9397096865837159,0.9437745027693142,0.8772263895458287,0.04417004795590162,0.07912486180728903,0.0,0.33552113823119706,0.2019340991973877
10.0,17,0,sample_0,0.0,0.0,0.0,0.0,0.0,0.0,0.0,0.3485031732642434,0.21676421165466309,0.14598727360329608,0.14051266908645627,0.07021233441158857,0.06903838982809951,0.6219863355169719,0.9832800804398935,0.9563633878188722,0.8798012165194722,0.0521949152991085,0.0901125002242486,0.0,0.3485031732642434,0.21676421165466309
70.0,7,0,sample_0,0.03539377669591428,0.10487665895293614,0.0,0.3013718286511151,0.6956404185457323,0.04093597240323673,2.7493466750051736,2.8493808245821093,2.1594951152801514,1.51023431444602,1.3141479969024656,0.8099710759843713,0.6904661213948732,0.7578822376601286,0.8524577504891001,0.9407938996674265,0.8741834889362258,0.04221782931876618,0.059555951461556914,63.0,2.8493808245821093,2.1594951152801514
70.0,8,0,sample_0,0.006106702143610862,0.0424942395881421,0.0,0.0,0.5487591459311716,0.017525400396491787,0.3666973264157931,2.7155799104727976,2.166820764541626,1.3607132632593595,1.1442985534667967,0.7207482030823711,0.6214378699139281,0.7979219304816445,0.8622121668236844,0.984720045736221,0.9581009852111788,0.0027635099306808795,0.01419300848158948,0.0,2.7155799104727976,2.166820764541626
70.0,9,0,sample_0,0.05444968424864005,0.12708861601929305,0.0,0.30349466494371524,0.6514445197399255,0.054533718657896614,4.970541499132026,2.6204274546917077,1.9689829349517822,1.4035024045068725,1.1232183933258058,0.7564438488241035,0.5836205591202338,0.7513976131743103,0.7715318989340391,0.9723658763287027,0.9150907678645528,0.024867363203276625,0.042776306637691094,0.0,2.6204274546917077,1.9689829349517822
70.0,10,0,sample_0,0.10916491406111843,0.23790642200291104,0.0,0.6213594328560963,0.7902208665086554,0.10433843106126395,12.948611944158614,2.5690940401399893,2.123303174972534,1.2990448754573436,1.7498205065727233,0.6892364195441107,0.7113529581290025,0.8264793510076556,1.0320884647963329,0.7900774296132772,0.8236243025639935,0.08499272734493384,0.16250318968918406,2.0,2.5690940401399893,2.123303174972534
70.0,11,0,sample_0,0.0076155198569708435,0.04770386135736796,0.0,0.0,0.6003069768250526,0.02040212752736423,0.5198918875131789,2.642434727373214,2.153353214263916,1.3472102670542354,1.2088555097579956,0.7007469140449929,0.6033610242369014,0.814912547113138,0.8610255887593696,0.9844801198015872,0.9700830614557209,0.010555367127360236,0.028527788863901764,0.0,2.642434727373214,2.153353214263916
70.0,12,0,sample_0,0.0020551118234310426,0.0249396085486486,0.0,0.0,0.4381994764086272,0.010582100739927013,0.21135609823546408,2.6356775323626067,2.1974780559539795,1.3921283103968036,1.299081802368164,0.7314685368524428,0.656684577395588,0.8337431377594103,0.8977618917436215,0.9918834169803147,0.9869454285867965,0.008267030813684758,0.02486902416899755,0.0,2.6356775323626067,2.1974780559539795
70.0,13,0,sample_0,0.08069373632510081,0.23411566312516008,0.0,0.7108292273570057,0.9469807732445403,0.09281303605996674,6.429358245461712,2.796697610255194,2.8859198093414307,1.3998054789417684,2.0725438117980945,0.7080918721082216,0.8526010899902223,1.0319026979388364,1.2040825824645458,0.9564582110994004,0.9734729653617923,0.042836199535217,0.09040334536391524,0.0,2.796697610255194,2.8859198093414307
70.0,14,0,sample_0,0.0014509427514048945,0.0214906753729662,0.0,0.0,0.4507000385000026,0.009074968924423173,0.1530566895573222,2.6283169659765235,2.342113494873047,1.3034751508315587,1.3286325454711914,0.652165755759841,0.652846648629173,0.8911077032152624,1.0010440487917656,0.9768251330142752,0.9399629456949796,0.011638735999145819,0.032312765523252136,0.0,2.6283169659765235,2.342113494873047
70.0,15,0,sample_0,0.04145981123897786,0.12199370404301109,0.0,0.34399212868088697,0.7515975601555334,0.051885152477018616,3.748839020812136,2.6084636814476476,2.099752187728882,1.3451839868307056,1.1764414072036742,0.6728087327370286,0.5942246928151115,0.8049765855139526,0.8832000298179362,0.9372805137099132,0.93125608556521,0.027282279936184622,0.04948061450002517,63.0,2.6084636814476476,2.099752187728882
70.0,16,0,sample_0,0.0006304271046401892,0.014247680961907911,0.0,0.0,0.4514137682820092,0.006474636294493839,0.07955401763526115,2.4686809954548607,2.0172672271728516,1.0970769797746982,1.0475010395050046,0.5642556502326357,0.5439198896601484,0.817143742300801,0.9639600231488987,0.9848205607941308,0.9296769764749881,0.00771381809986322,0.02396494015338403,0.0,2.4686809954548607,2.0172672271728516
70.0,17,0,sample_0,0.0006132684878161118,0.013694694018011459,0.0,0.0,0.3831308861455289,0.005810856638913148,0.09899888410817947,2.6177743454655973,2.2346434593200684,1.2169943587033987,1.2709961056709287,0.59392319697062,0.603220120732323,0.8536425086412919,1.0156534107593762,0.9798586708336208,0.9186172003827408,0.013140599369429556,0.038136482382105395,0.0,2.6177743454655973,2.2346434593200684
120.0,7,0,sample_0,0.9890451964341775,1.225967571433087,0.9467047470596865,2.3072257175973743,2.7378453099105835,0.20121382965979132,43.74494896978338,6.676414855656433,3.974648952484131,4.176621798748335,2.2801639556884763,2.0855297162175335,1.0861467665586717,0.5953268390918974,0.5208013859081257,0.7097165231125173,0.5095294037292726,0.101354748509448,0.12968394527392385,63.0,6.676414855656433,3.974648952484131
120.0,8,0,sample_0,0.4959106516769072,0.6622831522307411,0.42265008798906856,1.5223244775163927,2.131293998005276,0.12357266844145917,28.29140904152126,5.919748530628567,4.0196428298950195,3.2761023569955134,2.134843063354492,1.6285290224216604,1.1102886252747828,0.6790225647419872,0.6817739260328058,0.8381886423269326,0.8054741835913455,0.062008190118576924,0.08487271787542737,63.0,5.919748530628567,4.0196428298950195
120.0,9,0,sample_0,0.9267557867980982,1.113621704643274,0.9484540468040424,2.0732478524052436,2.8531318665500294,0.21494015172806197,46.04307029478515,5.724966621493877,4.103640556335449,3.460006072248008,2.093876218795776,1.8630454499542197,0.9326647547505674,0.7167972894250066,0.5006129908282622,0.6670623976222158,0.4953547690231145,0.1248416321602851,0.15223081431586913,63.0,5.724966621493877,4.103640556335449
120.0,10,0,sample_0,0.34092245895747963,0.5101893861650774,0.2778396432414081,1.0489784026260252,2.0150166149014694,0.11360690503910663,20.442506617470766,5.0357194537991745,3.5452890396118164,2.794848958630629,3.213662242889404,1.468580140500836,1.3321747024715085,0.7040283066081233,0.907117470632002,0.7829653410998297,0.8394643690433227,0.11846639693525814,0.189786141051434,8.602325267042627,5.0357194537991745,3.5452890396118164
120.0,11,0,sample_0,0.1289850526908743,0.23023753782140438,0.0,0.4941157314566802,1.1991828115009184,0.047639636447684056,7.183950620178171,5.382707896950137,4.19854211807251,2.952033748210298,2.6250269889831523,1.4614705115265423,1.2866693430499876,0.7800055656840342,0.8803936397635759,0.9679825896158424,0.9334975426337022,0.026620869641120256,0.05264718197101251,44.0,5.382707896950137,4.19854211807251
120.0,12,0,sample_0,0.1439381308273572,0.2609411616373443,0.0,0.5779378250586857,1.2795804507886714,0.05343999084654452,8.146399896191053,5.380833960310156,4.398636817932129,3.0461380989104816,2.852873432636261,1.5515813604553925,1.3351547814263052,0.8174637705562258,0.8605122589475,0.9738729423978864,0.9676340022450515,0.020741104143027204,0.04313672834623976,63.0,5.380833960310156,4.398636817932129
120.0,13,0,sample_0,0.23654686008302306,0.44981053802831433,0.0,1.211996245037293,1.7520125066462517,0.07429473747766839,10.26114552031188,6.539358551870691,6.839366912841797,3.8739757740449177,5.095537948608398,1.653774389391094,1.889614523117081,1.0458773377528416,1.1426071991674882,0.9824920930468368,0.9631346937778088,0.02752072709321673,0.06038213931787942,0.0,6.539358551870691,6.839366912841797
120.0,14,0,sample_0,0.5503707175750226,0.8299142363674252,0.44366191350959594,2.173629984101403,3.1909939397090388,0.17364521309628242,37.649802983461846,5.246287632159117,7.424792289733887,2.7587467379511352,4.728725004196167,1.2922410206009929,1.8766318770833226,1.4152468965332354,1.4522305414902728,0.947165018439918,0.9365254260956958,0.024985795276878095,0.06013452149155794,1.0,5.246287632159117,7.424792289733887
120.0,15,0,sample_0,0.16419950070923856,0.3161942505442405,0.0,0.7485549584901433,1.422190992684536,0.06729687448711014,8.861106306718655,5.142212395696973,4.597068786621094,2.930009423510082,2.5261654019355775,1.3909836204344685,1.2323271086860648,0.8939865631509002,0.8859393385963467,0.9255795099645676,0.9100636586658157,0.03423461945568976,0.06328861980790554,63.0,5.142212395696973,4.597068786621094
120.0,16,0,sample_0,0.0694625604926599,0.16266290605350428,0.0,0.40566047275603867,0.7797245820305412,0.03926947539541667,4.7021369147115255,4.6174932130154644,4.691344261169434,2.15245052104818,2.49973464012146,1.0426209827983604,1.1837548777148441,1.0159937534820416,1.1353645257912277,0.9846230313968579,0.9201370913483902,0.009951145695457297,0.02758977131349633,0.0,4.6174932130154644,4.691344261169434
120.0,17,0,sample_0,0.03504870911469039,0.11359205544327547,0.0,0.3353243396493265,0.6709092668938703,0.02372478891991604,2.9887361407449746,5.270667532689647,4.813668251037598,2.6856513447151005,2.5873750805854785,1.1984189005392485,1.179985639967007,0.9132938515249434,0.9846186833635993,0.9706633876042967,0.8564913466388379,0.009430801598631649,0.02651400120490723,0.0,5.270667532689647,4.813668251037598
270.0,7,0,sample_0,1.6666011127803682,2.419780472644917,1.1552373814550765,5.087975390427603,11.244742755094313,0.20100932460908136,145.7996369643338,12.178229765458251,14.784846305847168,7.179905345103286,7.622371149063109,2.394799857355724,2.8165198037952255,1.2140390344565677,1.1760982009181984,0.3905717597961941,0.3251563592461444,0.13338710126396008,0.18063559923453898,88.3911760301898,12.178229765458251,14.784846305847168
270.0,8,0,sample_0,4.229797240942059,10.444398014995057,0.4938042660724591,33.239838872461966,42.188745989976375,0.20619576546504695,55.6925420860945,50.810745582953025,14.20494270324707,39.04086220337101,6.173859643936153,5.947521481667434,2.335875461498896,0.27956572060247076,0.39274771326156105,0.7858591199408889,0.7618117216828377,0.08940471438298375,0.14383323269700318,4.123105625617661,50.810745582953025,14.20494270324707
270.0,9,0,sample_0,1.4431244163473476,2.579142697873438,0.48030849295365946,6.744834175146253,17.181407441317788,0.2365299140889618,500623835.209925,10.780159148805378,17.057479858398438,8.415931572053161,7.129396104812621,2.4253987803066903,2.2735830737507983,1.582303157397142,0.937405878246259,0.37074549187670713,0.6269950518970543,0.1465947347377838,0.23790400151706728,56.08029957123981,10.780159148805378,17.057479858398438
270.0,10,0,sample_0,5.589424590416498,10.029172985202868,1.5886105326951063,26.863270381621646,36.7817163484649,0.22611581065674263,255.18332656123047,44.46219054451129,11.746614456176758,31.653846132010294,8.125319480895994,6.439220329899953,2.960230962379829,0.26419333623288693,0.4597188495995791,0.35409982592909667,0.19515369646824715,0.15899411554805537,0.25666947894041653,64.03124237432849,44.46219054451129,11.746614456176758
270.0,11,0,sample_0,1.5863993044472982,2.4346413906693223,0.6908948187082882,5.857840749748991,7.105303445014257,0.17367277082419325,188.0331140022367,14.125523812266115,14.215916633605957,11.396623987152717,8.02710256576538,2.8690716403755374,2.9468811570833893,1.0063992544659723,1.0271201024097354,0.7214938774258054,0.36288456908636413,0.10724936592815833,0.1728816784437444,60.207972893961475,14.125523812266115,14.215916633605957
270.0,12,0,sample_0,2.9024122257994778,4.746364364542092,0.9238570518219847,10.949451923532099,15.191196479491555,0.281059829631716,179.42594913017334,17.015412693683096,17.984811782836914,15.393164448951595,8.976382684707637,3.602248231722146,2.9838352163076958,1.0569718235228995,0.8283258188681789,0.25766384190285363,0.3864854543301421,0.1673113626881748,0.28432639378522095,84.17244204607586,17.015412693683096,17.984811782836914
270.0,13,0,sample_0,7.794788672306675,15.830890703508974,2.0694520971725003,47.51532006082388,62.75836740922968,0.21551451691513937,110.66809019582907,74.18230915565312,28.868427276611328,53.10613012413475,21.468943500518794,8.434167787583277,5.457590625176341,0.3891551450095483,0.6470811065925162,0.15166058160313126,0.36233771576401724,0.16336046806327656,0.280927294480393,55.0,74.18230915565312,28.868427276611328
270.0,14,0,sample_0,3.523229743669059,6.729695874441782,1.5318208910265045,17.008709074045967,37.235066657383754,0.7302060350735384,313.2797927504453,9.36595394818869,38.5953369140625,5.680786702859347,19.195309066772456,2.047348064845207,5.427106906275649,4.120812159398517,2.6507983666597377,0.21721230072894185,0.31273954514598723,0.16421083286307073,0.22643640491861666,62.00806399170998,9.36595394818869,38.5953369140625
270.0,15,0,sample_0,3.4196238770799146,5.375845115519909,1.6514305919874275,12.597232452450866,17.129083354391945,0.16494666098591007,222.57283509008522,32.71085969539344,24.70573616027832,19.67740236552651,13.01838946342468,3.6496445597572946,4.628567800238416,0.7552762718662985,1.2682242679945308,0.46977484931096963,0.3475195988332754,0.10770193055260109,0.1820866938369727,62.0,32.71085969539344,24.70573616027832
270.0,16,0,sample_0,1.6778951471411052,2.791002344999133,1.0348437335560159,7.46111287765463,11.8403165333881,0.20986003001024547,116.46976115689785,13.551605644919618,17.74980926513672,6.086164693680053,9.154592990875242,2.785090183127161,3.272298555829864,1.3097938155978566,1.1749345050491884,0.22376428180463928,0.22498415910989625,0.15338986349536707,0.18829813479274257,63.0,13.551605644919618,17.74980926513672
270.0,17,0,sample_0,1.5369968255961366,2.7807289281475436,0.8432558227615661,7.325150344997871,13.436094687305818,0.21621654036837382,77.97428973569677,13.26978851478246,20.558164596557617,5.927078369107546,9.71418766975402,2.476284742511935,2.998608510533135,1.5492458356556287,1.210930414848559,0.3389027915055004,0.26933093528429,0.12530775971764663,0.16634755023709652,63.0,13.26978851478246,20.558164596557617
400.0,7,0,sample_0,0.8476028900217091,1.45870382528797,0.5177953679111373,3.0670509255110776,6.753150062758992,0.0911229656672081,18.73398390906221,16.80731957675382,13.49435043334961,8.189566224908962,6.399417996406553,3.9065113502754265,3.122915492434324,0.802885336458624,0.7994128808083828,0.8460571846487324,0.8915766385763939,0.038390520741008766,0.07472116573263388,76.02631123499285,16.80731957675382,13.49435043334961
400.0,8,0,sample_0,0.7813729082192546,0.9795543727261512,0.7360669945824094,1.7656537205355811,5.1337841168751766,0.11720007818415464,71.5949740120169,8.486982961308968,10.882052421569824,3.6620553601789183,4.902356410026548,1.5918338949820443,2.3331580136344705,1.2822050510976235,1.465704443779788,0.888158849380176,0.8196644371424734,0.03608071955140163,0.061204257914172486,76.02631123499285,8.486982961308968,10.882052421569824
400.0,9,0,sample_0,0.835848087841999,1.1023724567052644,0.7091058131290469,2.049580099264163,4.136872596179728,0.10577458382197787,65.97056664739206,10.606998409882692,12.113743782043457,4.717040212862474,5.297898507118222,2.014450269693756,2.5787264884977072,1.1420520032092123,1.2801142462006445,0.7716059946365932,0.7574113129513366,0.05171417149593953,0.08638215269433833,76.02631123499285,10.606998409882692,12.113743782043457
400.0,10,0,sample_0,0.5900426591611142,0.7619726009391824,0.5362744690743199,1.4488919006569956,4.458428591983563,0.07779920399855354,34.93010095714207,9.973108795198566,11.459053993225098,4.2480649912906445,5.273322796821594,2.1511815841599726,2.7333530240403467,1.1489951858082528,1.2706286834022473,0.9412147150422079,0.9225353833067163,0.015094182765610491,0.04100537482756449,44.0,9.973108795198566,11.459053993225098
400.0,11,0,sample_0,1.0779583791037413,1.3327917912420741,0.9132076767098065,2.505245017846093,10.995029420933406,0.15271800452861356,67.43840871474885,8.864793628667229,13.40438175201416,4.414895601017632,5.506970119476317,1.9651233837355142,2.662271111057355,1.5120917997083065,1.3547602827852105,0.6535064864738701,0.6375949227167214,0.05100773403010731,0.10575985378721768,19.0,8.864793628667229,13.40438175201416
400.0,12,0,sample_0,1.141746416855966,1.9927557475422126,0.6092654447196622,5.012538183417869,11.37658391163825,0.17188949284546937,40.21912011234782,11.83330157601415,14.275711059570312,7.889418422566703,5.573654890060424,2.802181628935263,2.850690030134641,1.206401355350131,1.0173109411247585,0.4443323781999802,0.7342977688672425,0.07601669069066413,0.1713428147685927,43.104524124504614,11.83330157601415,14.275711059570312
400.0,13,0,sample_0,1.3345858274179128,1.720598393273651,1.1542779203167706,3.4390108797426966,7.907127939974722,0.20724589914478855,110.38175242236117,8.430715341286911,14.94955825805664,4.352724846035172,6.7604177236557,2.1137859260529286,3.4048319798318936,1.7732253614169184,1.6107742689865168,0.7590187502338568,0.6964687459373765,0.07450395815999471,0.10356656925780383,64.8459713474939,8.430715341286911,14.94955825805664
400.0,14,0,sample_0,1.9833639040747626,2.66147571326394,1.493598558111766,5.831571064194138,9.800449059788109,0.22719574550946922,79.03771089964832,12.130429347995216,16.163084030151367,7.467587729389107,6.694324493408201,2.802071356168342,3.379064010851311,1.332441215926345,1.2059164744012696,0.10074832198287836,0.3316114087626377,0.11817611604537126,0.2030950222266955,88.3911760301898,12.130429347995216,16.163084030151367
400.0,15,0,sample_0,1.5827201810824771,2.827370534902055,0.5423879124489632,7.429342562501141,11.036865149057736,0.138410716734781,26.440715222858906,20.62472946622438,11.764227867126465,11.599705717039784,6.355543923377991,4.2909333925347095,2.9019013577616297,0.5703942874204428,0.6762867405050628,0.6552099752831411,0.7423690196205579,0.09168131724605345,0.12848705544093203,63.0,20.62472946622438,11.764227867126465
400.0,16,0,sample_0,2.045455301759849,3.2673897484028602,0.9907970799420822,6.749088665869751,14.035675541791427,0.12692146890646364,35.653844394237005,26.002729908856857,11.96705436706543,10.973347155899674,5.670807218551635,4.738200141020424,2.8947875517440007,0.4602230000085222,0.6109466602482048,0.8465661405292024,0.8210072609500284,0.057687097246245676,0.08500123745500587,0.0,26.002729908856857,11.96705436706543
400.0,17,0,sample_0,1.114677833007928,1.5002058984295334,0.9426470523341118,2.9809686787913092,7.993175160566235,0.16924435907647636,92.29890139900793,9.032601775144833,10.632294654846191,4.353859821452075,6.127523326873778,2.045885027486791,3.062621929463529,1.177102115151723,1.4969667837227978,0.7082799919546171,0.727219401155335,0.08593945891700804,0.11963429982539991,62.0,9.032601775144833,10.632294654846191
