candidate_id,mhz,k,badness,quality_score,uncertainty,p99_var,peak_loc_spread_px,pred_p99_mean,selected_reason
518,90.0,3,1488.1896585193451,-1488.1896585193451,1488.1896585193451,1449.2991426803617,38.89051583898345,37.455883185068764,worst_uncertainty_stratified_mhz
790,90.0,3,1120.9390872945341,-1120.9390872945341,1120.9390872945341,1083.3107882512757,37.62829904325851,29.700277010599773,worst_uncertainty_stratified_mhz
372,100.0,3,630.0627336559884,-630.0627336559884,630.0627336559884,592.478384076232,37.58434957975638,24.733485221862793,worst_uncertainty_stratified_mhz
687,200.0,3,552.8798661089224,-552.8798661089224,552.8798661089224,514.582781798669,38.297084310253524,27.697773933410645,worst_uncertainty_stratified_mhz
747,265.0,3,46.9196227389009,-46.9196227389009,46.9196227389009,3.074567272076719,43.84505546682418,10.145556767781576,worst_uncertainty_stratified_mhz
234,265.0,3,46.636478183756466,-46.636478183756466,46.636478183756466,2.5582648705005795,44.07821331325589,8.868131160736084,worst_uncertainty_stratified_mhz
707,435.0,3,41.201667170730445,-41.201667170730445,41.201667170730445,1.7283991417353264,39.47326802899512,5.111931284268697,worst_uncertainty_stratified_mhz
144,510.0,3,68.83844204906634,-68.83844204906634,68.83844204906634,34.75806320401502,34.08037884505133,14.943105936050415,worst_uncertainty_stratified_mhz
723,510.0,3,58.33542170068992,-58.33542170068992,58.33542170068992,23.506873385008173,34.82854831568174,15.88101577758789,worst_uncertainty_stratified_mhz
509,90.0,3,1035.8669184224693,-1035.8669184224693,1035.8669184224693,998.2386193792108,37.62829904325851,30.882246176401775,worst_uncertainty_stratified_mhz
566,90.0,3,874.2794526325545,-874.2794526325545,874.2794526325545,850.7977812932122,23.481671339342284,37.167351722717285,worst_uncertainty_stratified_mhz
471,90.0,3,826.559601926446,-826.559601926446,826.559601926446,803.0808881626982,23.47871376374779,28.883107900619507,worst_uncertainty_stratified_mhz
201,90.0,3,779.9836602646607,-779.9836602646607,779.9836602646607,742.5841653185759,37.39949494608479,34.619654178619385,worst_uncertainty_stratified_mhz
26,90.0,3,763.1879958389402,-763.1879958389402,763.1879958389402,725.5596967956817,37.62829904325851,27.776633659998577,worst_uncertainty_stratified_mhz
734,90.0,3,724.9301860217248,-724.9301860217248,724.9301860217248,692.0389511204121,32.89123490131274,35.40222851435343,worst_uncertainty_stratified_mhz
334,90.0,3,555.8884491479979,-555.8884491479979,555.8884491479979,522.9470027788889,32.941446369109066,41.51842451095581,worst_uncertainty_stratified_mhz
112,90.0,3,552.9810062808176,-552.9810062808176,552.9810062808176,523.2801832469539,29.700823033863706,36.29661337534586,worst_uncertainty_stratified_mhz
364,90.0,3,511.5416194036034,-511.5416194036034,511.5416194036034,473.9133203603449,37.62829904325851,34.79811223347982,worst_uncertainty_stratified_mhz
500,90.0,3,467.3556405005011,-467.3556405005011,467.3556405005011,424.46365730757543,42.891983192925714,27.796807765960693,worst_uncertainty_stratified_mhz
238,90.0,3,431.13673767253306,-431.13673767253306,431.13673767253306,407.65802390878525,23.47871376374779,35.094194412231445,worst_uncertainty_stratified_mhz
775,90.0,3,422.46969595403215,-422.46969595403215,422.46969595403215,383.5820372433306,38.88765871070152,23.756352424621582,worst_uncertainty_stratified_mhz
622,90.0,3,416.31972475460293,-416.31972475460293,416.31972475460293,372.124136739508,44.1955880150949,29.878309726715088,worst_uncertainty_stratified_mhz
220,100.0,3,402.1103059848302,-402.1103059848302,402.1103059848302,372.4094829509665,29.700823033863706,29.886224190394085,worst_uncertainty_stratified_mhz
313,90.0,3,388.8829817581497,-388.8829817581497,388.8829817581497,357.3829817581497,31.5,29.364529609680176,worst_uncertainty_stratified_mhz
481,100.0,3,340.4066218689752,-340.4066218689752,340.4066218689752,302.7783228257167,37.62829904325851,26.949867248535156,worst_uncertainty_stratified_mhz
508,90.0,3,340.20142660043336,-340.20142660043336,340.20142660043336,301.17792940536725,39.02349719506612,25.05075216293335,worst_uncertainty_stratified_mhz
791,90.0,3,331.8626657526814,-331.8626657526814,331.8626657526814,302.1641809428464,29.698484809834994,27.377954800923664,worst_uncertainty_stratified_mhz
573,200.0,3,329.5252246915901,-329.5252246915901,329.5252246915901,286.75581714107307,42.769407550517016,21.633223295211792,worst_uncertainty_stratified_mhz
696,90.0,3,327.6632424194349,-327.6632424194349,327.6632424194349,296.1632424194349,31.5,24.78230134646098,worst_uncertainty_stratified_mhz
316,90.0,3,321.28236483329096,-321.28236483329096,321.28236483329096,283.65406579003246,37.62829904325851,32.30903593699137,worst_uncertainty_stratified_mhz
415,140.0,3,310.9549035918137,-310.9549035918137,310.9549035918137,271.9314063967476,39.02349719506612,24.241546948750813,worst_uncertainty_stratified_mhz
733,90.0,3,309.021405016924,-309.021405016924,309.021405016924,285.5426912531762,23.47871376374779,23.588877201080322,worst_uncertainty_stratified_mhz
583,90.0,3,303.7470527056057,-303.7470527056057,303.7470527056057,260.77645552308775,42.97059718251798,29.558274904886883,worst_uncertainty_stratified_mhz
250,90.0,3,297.7310957092444,-297.7310957092444,297.7310957092444,266.2310957092444,31.5,24.38255747159322,worst_uncertainty_stratified_mhz
22,250.0,3,297.5263295779164,-297.5263295779164,297.5263295779164,258.63581373893294,38.89051583898345,22.143861929575603,worst_uncertainty_stratified_mhz
621,100.0,3,295.68455395493714,-295.68455395493714,295.68455395493714,265.98606914510214,29.698484809834994,24.716280301411945,worst_uncertainty_stratified_mhz
4,90.0,3,294.82030566246425,-294.82030566246425,294.82030566246425,265.12182085262924,29.698484809834994,29.58694092432658,worst_uncertainty_stratified_mhz
299,90.0,3,293.8513380106364,-293.8513380106364,293.8513380106364,256.22303896737793,37.62829904325851,24.56872304280599,worst_uncertainty_stratified_mhz
1422,90.0,4,259.56173446472434,-259.56173446472434,259.56173446472434,226.62028809561528,32.941446369109066,14.63804523150126,worst_uncertainty_stratified_mhz
1351,90.0,4,200.68250228509328,-200.68250228509328,200.68250228509328,170.98401747525827,29.698484809834994,15.969168424606323,worst_uncertainty_stratified_mhz
1440,100.0,4,123.34033795007747,-123.34033795007747,123.34033795007747,84.27451031403616,39.06582763604131,13.22273818651835,worst_uncertainty_stratified_mhz
1563,200.0,4,218.0741035903761,-218.0741035903761,218.0741035903761,188.94126606599096,29.13283752438513,14.333236575126648,worst_uncertainty_stratified_mhz
988,265.0,4,48.83994436269914,-48.83994436269914,48.83994436269914,6.152124085716152,42.68782027698299,8.833855708440145,worst_uncertainty_stratified_mhz
1132,265.0,4,48.433012642319476,-48.433012642319476,48.433012642319476,4.354799329063584,44.078213313255894,8.944108883539835,worst_uncertainty_stratified_mhz
816,435.0,4,42.27126177837468,-42.27126177837468,42.27126177837468,2.7979937493795557,39.47326802899512,4.901795784632365,worst_uncertainty_stratified_mhz
1365,435.0,4,42.035136377932844,-42.035136377932844,42.035136377932844,2.6291300675576017,39.40600631037524,4.630597352981567,worst_uncertainty_stratified_mhz
1315,510.0,4,59.246063789323586,-59.246063789323586,59.246063789323586,24.5165534430937,34.72951034622989,15.950682163238525,worst_uncertainty_stratified_mhz
1590,510.0,4,56.693608919905444,-56.693608919905444,56.693608919905444,19.065309876646932,37.62829904325851,16.768600940704346,worst_uncertainty_stratified_mhz
943,80.0,4,287.97427490973126,-287.97427490973126,287.97427490973126,256.47427490973126,31.5,19.22090180714925,worst_uncertainty_stratified_mhz
1070,155.0,4,217.46278008537482,-217.46278008537482,217.46278008537482,175.96144141887984,41.50133866649498,12.425494273503622,worst_uncertainty_stratified_mhz
1428,200.0,4,214.98102903405027,-214.98102903405027,214.98102903405027,177.62835547214544,37.35267356190481,21.03670644760132,worst_uncertainty_stratified_mhz
1385,200.0,4,211.88741955431487,-211.88741955431487,211.88741955431487,169.5882207176676,42.29919883664728,11.294238130251566,worst_uncertainty_stratified_mhz
1247,200.0,4,170.67396003810236,-170.67396003810236,170.67396003810236,128.1870339444334,42.48692609366896,18.332520484924316,worst_uncertainty_stratified_mhz
1025,250.0,4,168.06395756480788,-168.06395756480788,168.06395756480788,125.61627735074251,42.44768021406536,18.299423774083454,worst_uncertainty_stratified_mhz
903,90.0,4,163.58778121962138,-163.58778121962138,163.58778121962138,125.95948217636287,37.62829904325851,17.498618920644123,worst_uncertainty_stratified_mhz
864,200.0,4,162.32598130594621,-162.32598130594621,162.32598130594621,120.9047038965975,41.42127740934872,13.901030421257019,worst_uncertainty_stratified_mhz
916,250.0,4,156.31493052683447,-156.31493052683447,156.31493052683447,117.7817557866764,38.53317474015807,19.07556637128194,worst_uncertainty_stratified_mhz
1526,250.0,4,154.5041353215729,-154.5041353215729,154.5041353215729,124.8033122877092,29.700823033863706,12.703144431114197,worst_uncertainty_stratified_mhz
897,250.0,4,151.7075600692117,-151.7075600692117,151.7075600692117,110.37086665739871,41.33669341181298,14.649176836013794,worst_uncertainty_stratified_mhz
1084,200.0,4,146.709219670925,-146.709219670925,146.709219670925,115.37189722982008,31.33732244110492,13.604426463445028,worst_uncertainty_stratified_mhz
850,250.0,4,146.18823498415188,-146.18823498415188,146.18823498415188,108.74346083459783,37.44477414955405,11.28586490948995,worst_uncertainty_stratified_mhz
968,250.0,4,136.06817205338274,-136.06817205338274,136.06817205338274,103.44192154520725,32.6262505081755,13.122875730196634,worst_uncertainty_stratified_mhz
955,150.0,4,135.86054884991103,-135.86054884991103,135.86054884991103,96.83705165484491,39.02349719506612,17.914430896441143,worst_uncertainty_stratified_mhz
870,90.0,4,129.60004468849843,-129.60004468849843,129.60004468849843,96.65859831938936,32.941446369109066,13.635290622711182,worst_uncertainty_stratified_mhz
1427,250.0,4,129.11414760112956,-129.11414760112956,129.11414760112956,87.69488208910538,41.41926551202418,12.863552530606588,worst_uncertainty_stratified_mhz
935,200.0,4,128.739627944593,-128.739627944593,128.739627944593,92.32076836149604,36.41885958309696,16.748658577601116,worst_uncertainty_stratified_mhz
1160,250.0,4,128.0459051707851,-128.0459051707851,128.0459051707851,85.31645916974789,42.72944600103722,12.52913741270701,worst_uncertainty_stratified_mhz
1067,250.0,4,127.94412887773318,-127.94412887773318,127.94412887773318,98.47851803692042,29.465610840812758,13.68729297320048,worst_uncertainty_stratified_mhz
1126,250.0,4,125.32914411912593,-125.32914411912593,125.32914411912593,86.5301607418374,38.79898337728852,14.369209289550781,worst_uncertainty_stratified_mhz
1147,200.0,4,121.98112950845876,-121.98112950845876,121.98112950845876,84.58163456237396,37.39949494608479,12.579363346099854,worst_uncertainty_stratified_mhz
1024,200.0,4,121.18035054863915,-121.18035054863915,121.18035054863915,79.84701721530583,41.33333333333333,12.635651032129923,worst_uncertainty_stratified_mhz
1133,250.0,4,120.85681835189138,-120.85681835189138,120.85681835189138,78.12574716891675,42.731071182974624,11.52762528260549,worst_uncertainty_stratified_mhz
1100,250.0,4,119.4560621966967,-119.4560621966967,119.4560621966967,81.91904343151269,37.53701876518402,16.543114105860393,worst_uncertainty_stratified_mhz
1180,200.0,4,119.24712556245004,-119.24712556245004,119.24712556245004,78.0426894474447,41.20443611500533,12.051996310551962,worst_uncertainty_stratified_mhz
1311,90.0,4,117.80926602307858,-117.80926602307858,117.80926602307858,94.70323025558075,23.10603576749783,15.6841721534729,worst_uncertainty_stratified_mhz
1528,245.0,4,116.65971080695795,-116.65971080695795,116.65971080695795,79.17008261165276,37.489628195305194,13.441380659739176,worst_uncertainty_stratified_mhz
2281,90.0,5,115.70367161325943,-115.70367161325943,115.70367161325943,92.5976358457616,23.10603576749783,12.842503865559896,worst_uncertainty_stratified_mhz
2296,90.0,5,93.55399889037719,-93.55399889037719,93.55399889037719,56.064370695072,37.489628195305194,12.574783881505331,worst_uncertainty_stratified_mhz
2179,100.0,5,79.67358053100298,-79.67358053100298,79.67358053100298,40.60775289496167,39.06582763604131,8.385850747426352,worst_uncertainty_stratified_mhz
2308,200.0,5,179.451303331619,-179.451303331619,179.451303331619,150.33992716658307,29.111376165035935,12.107061465581259,worst_uncertainty_stratified_mhz
2026,265.0,5,48.05444236783768,-48.05444236783768,48.05444236783768,5.437283590858872,42.61715877697881,8.218249638875326,worst_uncertainty_stratified_mhz
1958,265.0,5,48.028047058206944,-48.028047058206944,48.028047058206944,3.9498337449510488,44.078213313255894,8.241553862889608,worst_uncertainty_stratified_mhz
1889,435.0,5,41.08282400478127,-41.08282400478127,41.08282400478127,1.6095559757861493,39.47326802899512,5.479230602582295,worst_uncertainty_stratified_mhz
1677,435.0,5,40.28681282324183,-40.28681282324183,40.28681282324183,1.2209851872005213,39.06582763604131,5.15067458152771,worst_uncertainty_stratified_mhz
1880,510.0,5,63.95180939571561,-63.95180939571561,63.95180939571561,22.28380941704826,41.667999978667346,16.388044993082683,worst_uncertainty_stratified_mhz
2287,510.0,5,62.278497886366495,-62.278497886366495,62.278497886366495,29.271343779684987,33.00715410668151,14.972517013549805,worst_uncertainty_stratified_mhz
1707,250.0,5,263.1826917397505,-263.1826917397505,263.1826917397505,233.5999452666982,29.582746473052307,12.94062046209971,worst_uncertainty_stratified_mhz
1865,250.0,5,182.05005879921816,-182.05005879921816,182.05005879921816,140.46447101797943,41.585587781238715,10.574617465337118,worst_uncertainty_stratified_mhz
1723,170.0,5,159.23851139585045,-159.23851139585045,159.23851139585045,121.65416181609407,37.58434957975638,10.955109596252441,worst_uncertainty_stratified_mhz
1796,200.0,5,135.92721895305743,-135.92721895305743,135.92721895305743,92.08026289501898,43.84695605803846,15.12882391611735,worst_uncertainty_stratified_mhz
1926,200.0,5,125.79430542495565,-125.79430542495565,125.79430542495565,102.3872789395413,23.40702648541435,10.333436846733093,worst_uncertainty_stratified_mhz
1872,200.0,5,104.32344007548878,-104.32344007548878,104.32344007548878,71.9634853989651,32.35995467652368,14.155641635258993,worst_uncertainty_stratified_mhz
2137,200.0,5,96.16129246214429,-96.16129246214429,96.16129246214429,57.095464826102976,39.06582763604131,12.211774349212646,worst_uncertainty_stratified_mhz
1748,200.0,5,90.39276624923363,-90.39276624923363,90.39276624923363,57.501531347920896,32.89123490131274,13.697729031244913,worst_uncertainty_stratified_mhz
1863,200.0,5,87.92209328168133,-87.92209328168133,87.92209328168133,54.98064691257227,32.941446369109066,11.370735367139181,worst_uncertainty_stratified_mhz
1900,200.0,5,85.72601971286123,-85.72601971286123,85.72601971286123,41.647806399605344,44.07821331325589,10.170264800389608,worst_uncertainty_stratified_mhz
1612,90.0,5,85.63093840235646,-85.63093840235646,85.63093840235646,43.96293842368912,41.667999978667346,11.437134901682535,worst_uncertainty_stratified_mhz
1913,200.0,5,85.35903363168948,-85.35903363168948,85.35903363168948,43.85468312344624,41.50435050824324,8.677193204561869,worst_uncertainty_stratified_mhz
2173,250.0,5,80.80698524649995,-80.80698524649995,80.80698524649995,49.304780738102615,31.502204508397327,10.705766916275024,worst_uncertainty_stratified_mhz
2162,200.0,5,79.68791525729839,-79.68791525729839,79.68791525729839,47.01104610222513,32.676869155073256,10.725673158963522,worst_uncertainty_stratified_mhz
2154,250.0,5,77.57896376140738,-77.57896376140738,77.57896376140738,35.99337598016867,41.585587781238715,10.112507343292236,worst_uncertainty_stratified_mhz
2216,200.0,5,77.15008885738408,-77.15008885738408,77.15008885738408,39.52178981412556,37.62829904325851,9.429673473040262,worst_uncertainty_stratified_mhz
1986,250.0,5,75.33291255238257,-75.33291255238257,75.33291255238257,37.79589378719853,37.53701876518403,9.532660682996115,worst_uncertainty_stratified_mhz
1646,200.0,5,74.94911174594867,-74.94911174594867,74.94911174594867,33.28111176728132,41.667999978667346,9.306244572003683,worst_uncertainty_stratified_mhz
2237,250.0,5,74.86662229593989,-74.86662229593989,74.86662229593989,33.447356783915716,41.41926551202418,11.304956277211508,worst_uncertainty_stratified_mhz
2190,250.0,5,74.48353825282506,-74.48353825282506,74.48353825282506,30.40532493956917,44.07821331325589,10.207420229911804,worst_uncertainty_stratified_mhz
2204,200.0,5,73.14520063603847,-73.14520063603847,73.14520063603847,35.65557244073327,37.489628195305194,10.187956968943277,worst_uncertainty_stratified_mhz
2114,250.0,5,72.90012187323296,-72.90012187323296,72.90012187323296,40.0097315171156,32.89039035611736,9.495747129122416,worst_uncertainty_stratified_mhz
2102,200.0,5,72.16608203534514,-72.16608203534514,72.16608203534514,42.583335562292824,29.582746473052314,11.212558348973593,worst_uncertainty_stratified_mhz
2009,90.0,5,71.88914001657898,-71.88914001657898,71.88914001657898,40.389140016578985,31.5,10.882378975550333,worst_uncertainty_stratified_mhz
1655,90.0,5,71.70718645415937,-71.70718645415937,71.70718645415937,48.228472690411586,23.47871376374779,11.780200640360514,worst_uncertainty_stratified_mhz
1638,250.0,5,71.3736039693815,-71.3736039693815,71.3736039693815,28.523736862106706,42.849867107274804,8.70669949054718,worst_uncertainty_stratified_mhz
2205,95.0,5,68.2464658901753,-68.2464658901753,68.2464658901753,38.5479810803403,29.698484809834994,10.886190414428711,worst_uncertainty_stratified_mhz
2262,100.0,5,67.49955466736772,-67.49955466736772,67.49955466736772,29.871255624109207,37.62829904325851,8.150285402933756,worst_uncertainty_stratified_mhz
2768,90.0,6,77.39077930742161,-77.39077930742161,77.39077930742161,45.89077930742161,31.5,10.480897188186646,worst_uncertainty_stratified_mhz
2589,90.0,6,72.66946917078313,-72.66946917078313,72.66946917078313,29.698871988265154,42.97059718251798,9.532172838846842,worst_uncertainty_stratified_mhz
2817,100.0,6,65.70845153821634,-65.70845153821634,65.70845153821634,34.208451538216345,31.5,9.726088047027588,worst_uncertainty_stratified_mhz
2957,200.0,6,226.2773819550193,-226.2773819550193,226.2773819550193,195.2590182185343,31.01836373648502,11.799450516700745,worst_uncertainty_stratified_mhz
3048,265.0,6,48.82263606592223,-48.82263606592223,48.82263606592223,4.744422752666348,44.07821331325589,8.34802770614624,worst_uncertainty_stratified_mhz
3001,265.0,6,48.683684285986644,-48.683684285986644,48.683684285986644,7.802419900234359,40.88126438575228,9.326504151026407,worst_uncertainty_stratified_mhz
2865,435.0,6,45.41355568513386,-45.41355568513386,45.41355568513386,1.2179676700389592,44.1955880150949,4.387892127037048,worst_uncertainty_stratified_mhz
2445,435.0,6,44.13860132891413,-44.13860132891413,44.13860132891413,3.4200551859094617,40.718546143004666,5.283404111862183,worst_uncertainty_stratified_mhz
3087,510.0,6,65.09554095984807,-65.09554095984807,65.09554095984807,31.880333599363322,33.21520736048475,15.720283587773642,worst_uncertainty_stratified_mhz
3000,510.0,6,62.940338534624445,-62.940338534624445,62.940338534624445,29.25841130024217,33.68192723438227,15.749982595443726,worst_uncertainty_stratified_mhz
2724,200.0,6,133.4340914521335,-133.4340914521335,133.4340914521335,95.8497418723771,37.58434957975638,8.559192697207132,worst_uncertainty_stratified_mhz
2577,250.0,6,115.44975719394928,-115.44975719394928,115.44975719394928,86.1026960122909,29.34706118165838,14.223386605580648,worst_uncertainty_stratified_mhz
3090,170.0,6,100.06504447633053,-100.06504447633053,100.06504447633053,60.999216840289215,39.06582763604131,11.097103595733643,worst_uncertainty_stratified_mhz
3041,250.0,6,90.82911290821563,-90.82911290821563,90.82911290821563,53.38545152504187,37.44366138317376,8.183137575785318,worst_uncertainty_stratified_mhz
2749,200.0,6,83.23775936809915,-83.23775936809915,83.23775936809915,53.53927455826416,29.698484809834994,9.0803062915802,worst_uncertainty_stratified_mhz
2747,200.0,6,71.88265809399567,-71.88265809399567,71.88265809399567,30.297070312756944,41.58558778123872,8.533986806869507,worst_uncertainty_stratified_mhz
2771,200.0,6,71.2126009551456,-71.2126009551456,71.2126009551456,28.707372518582122,42.50522843656348,8.60975706577301,worst_uncertainty_stratified_mhz
2576,250.0,6,68.17265522076397,-68.17265522076397,68.17265522076397,25.322788113489167,42.8498671072748,7.869771679242452,worst_uncertainty_stratified_mhz
2970,250.0,6,66.99373165966131,-66.99373165966131,66.99373165966131,25.49239299316632,41.50133866649498,9.525769909222921,worst_uncertainty_stratified_mhz
2591,250.0,6,64.76719160637856,-64.76719160637856,64.76719160637856,27.23017284119454,37.53701876518402,7.85560957590739,worst_uncertainty_stratified_mhz
2857,250.0,6,64.35940677366453,-64.35940677366453,64.35940677366453,26.73110773040602,37.62829904325851,7.537584106127421,worst_uncertainty_stratified_mhz
3080,290.0,6,64.3361042692379,-64.3361042692379,64.3361042692379,26.70780522597939,37.62829904325851,6.74445366859436,worst_uncertainty_stratified_mhz
2955,250.0,6,64.21091802385436,-64.21091802385436,64.21091802385436,31.678028682621715,32.532889341232654,8.851066390673319,worst_uncertainty_stratified_mhz
2436,140.0,6,63.21265867880841,-63.21265867880841,63.21265867880841,25.5843596355499,37.62829904325851,7.166258653004964,worst_uncertainty_stratified_mhz
3197,510.0,6,61.59355168922389,-61.59355168922389,61.59355168922389,24.93673483038818,36.65681685883571,17.235151767730713,worst_uncertainty_stratified_mhz
2886,200.0,6,61.516380878885016,-61.516380878885016,61.516380878885016,22.4505532428437,39.06582763604131,6.909287691116333,worst_uncertainty_stratified_mhz
2775,510.0,6,60.67424005924374,-60.67424005924374,60.67424005924374,22.998356231226882,37.67588382801686,16.19291639328003,worst_uncertainty_stratified_mhz
2810,575.0,6,60.337167188752005,-60.337167188752005,60.337167188752005,26.282472619247756,34.05469456950425,17.198608875274658,worst_uncertainty_stratified_mhz
2922,200.0,6,60.22680669084794,-60.22680669084794,60.22680669084794,22.73717849554274,37.489628195305194,5.994876702626546,worst_uncertainty_stratified_mhz
2850,200.0,6,60.0067522121742,-60.0067522121742,60.0067522121742,27.11636185605684,32.89039035611736,6.929364641507466,worst_uncertainty_stratified_mhz
2725,510.0,6,60.00647814750684,-60.00647814750684,60.00647814750684,27.592060916212304,32.414417231294536,16.839113076527912,worst_uncertainty_stratified_mhz
2875,90.0,6,59.5617818102624,-59.5617818102624,59.5617818102624,16.591184627744422,42.97059718251798,7.249397277832031,worst_uncertainty_stratified_mhz
3046,280.0,6,59.53413335176169,-59.53413335176169,59.53413335176169,16.56353616924371,42.97059718251798,10.033078034718832,worst_uncertainty_stratified_mhz
2940,200.0,6,59.30853263024257,-59.30853263024257,59.30853263024257,16.337935447724586,42.97059718251798,8.124790072441101,worst_uncertainty_stratified_mhz
2491,240.0,6,58.768018854383854,-58.768018854383854,58.768018854383854,21.139719811125346,37.62829904325851,6.499521295229594,worst_uncertainty_stratified_mhz
2939,250.0,6,58.703367818550525,-58.703367818550525,58.703367818550525,17.11778003731181,41.585587781238715,5.86148985226949,worst_uncertainty_stratified_mhz
2759,200.0,6,58.184690315576745,-58.184690315576745,58.184690315576745,15.687631593825188,42.49705872175156,7.354674339294434,worst_uncertainty_stratified_mhz
3049,285.0,6,57.73062028735205,-57.73062028735205,57.73062028735205,16.1410249004714,41.58959538688065,7.9519152243932085,worst_uncertainty_stratified_mhz
3293,90.0,7,48.255829019953055,-48.255829019953055,48.255829019953055,5.28523183743508,42.97059718251798,6.558812697728475,worst_uncertainty_stratified_mhz
3790,90.0,7,48.13113571592044,-48.13113571592044,48.13113571592044,6.463135737253094,41.667999978667346,6.610005696614583,worst_uncertainty_stratified_mhz
3807,100.0,7,70.79932950612081,-70.79932950612081,70.79932950612081,27.828732323602836,42.97059718251798,8.577470143636068,worst_uncertainty_stratified_mhz
3729,200.0,7,62.030021958107895,-62.030021958107895,62.030021958107895,19.17983072295833,42.850191235149566,6.5811712344487505,worst_uncertainty_stratified_mhz
3899,265.0,7,46.685000481365364,-46.685000481365364,46.685000481365364,2.606787168109476,44.07821331325589,7.943630854288737,worst_uncertainty_stratified_mhz
3572,265.0,7,46.67181385880408,-46.67181385880408,46.67181385880408,3.8219467515292727,42.849867107274804,9.425097227096558,worst_uncertainty_stratified_mhz
3305,435.0,7,44.93008635838872,-44.93008635838872,44.93008635838872,0.7344983432938221,44.1955880150949,3.6987372636795044,worst_uncertainty_stratified_mhz
3401,435.0,7,44.74900324988648,-44.74900324988648,44.74900324988648,4.030457106881811,40.718546143004666,4.691897432009379,worst_uncertainty_stratified_mhz
3258,510.0,7,63.32726398694872,-63.32726398694872,63.32726398694872,29.82228923194654,33.50497475500218,15.73568312327067,worst_uncertainty_stratified_mhz
3875,510.0,7,60.109502071918335,-60.109502071918335,60.109502071918335,26.799510244306674,33.30999182761166,16.004570643107098,worst_uncertainty_stratified_mhz
3484,250.0,7,123.32428026995171,-123.32428026995171,123.32428026995171,80.63548392555552,42.68879634439619,11.526183485984802,worst_uncertainty_stratified_mhz
3322,10.0,7,76.72785406660654,-76.72785406660654,76.72785406660654,47.02936925677155,29.698484809834994,26.829057534535725,worst_uncertainty_stratified_mhz
3203,295.0,7,65.5329268958165,-65.5329268958165,65.5329268958165,27.99590813063247,37.53701876518403,6.301604827245076,worst_uncertainty_stratified_mhz
3821,10.0,7,64.30884490351946,-64.30884490351946,64.30884490351946,40.83013113977167,23.47871376374779,28.2552391688029,worst_uncertainty_stratified_mhz
3495,250.0,7,63.0102409837945,-63.0102409837945,63.0102409837945,25.166997054248625,37.84324392954588,8.78917638460795,worst_uncertainty_stratified_mhz
3777,250.0,7,60.24602880275348,-60.24602880275348,60.24602880275348,22.709010037569456,37.53701876518402,5.7658735911051435,worst_uncertainty_stratified_mhz
3919,250.0,7,57.622730539207836,-57.622730539207836,57.622730539207836,16.037142757969125,41.585587781238715,8.0270303885142,worst_uncertainty_stratified_mhz
3830,510.0,7,57.61784284524589,-57.61784284524589,57.61784284524589,24.818367917199314,32.79947492804657,16.63166157404582,worst_uncertainty_stratified_mhz
3366,510.0,7,57.1269985184387,-57.1269985184387,57.1269985184387,19.32304516843985,37.80395334999885,14.514765898386637,worst_uncertainty_stratified_mhz
3391,510.0,7,57.064273428174815,-57.064273428174815,57.064273428174815,29.700469274187427,27.36380415398739,16.98460515340169,worst_uncertainty_stratified_mhz
3928,510.0,7,56.76578263063709,-56.76578263063709,56.76578263063709,22.950516518683724,33.81526611195337,16.518185138702393,worst_uncertainty_stratified_mhz
3437,510.0,7,55.898134091180886,-55.898134091180886,55.898134091180886,22.050025658885232,33.84810843229565,15.423172156016031,worst_uncertainty_stratified_mhz
3336,510.0,7,55.483408375218744,-55.483408375218744,55.483408375218744,16.417580739177435,39.06582763604131,14.100155512491861,worst_uncertainty_stratified_mhz
3279,510.0,7,54.64446763239187,-54.64446763239187,54.64446763239187,26.136184235767967,28.508283396623906,15.470595359802246,worst_uncertainty_stratified_mhz
3665,200.0,7,54.556646145092074,-54.556646145092074,54.556646145092074,11.745043356439865,42.81160278865221,4.9422866106033325,worst_uncertainty_stratified_mhz
3697,510.0,7,54.49421030187996,-54.49421030187996,54.49421030187996,21.179215346321445,33.31499495555851,14.257349014282227,worst_uncertainty_stratified_mhz
3860,510.0,7,54.34357889626783,-54.34357889626783,54.34357889626783,16.36222382126645,37.98135507500138,16.639182567596436,worst_uncertainty_stratified_mhz
3499,510.0,7,54.081579884693326,-54.081579884693326,54.081579884693326,25.57329648806942,28.508283396623906,15.842317422231039,worst_uncertainty_stratified_mhz
3477,310.0,7,53.791774015270406,-53.791774015270406,53.791774015270406,10.821176832752428,42.97059718251798,5.064630031585693,worst_uncertainty_stratified_mhz
3799,510.0,7,53.34934310366428,-53.34934310366428,53.34934310366428,21.345871069801735,32.00347203386255,14.729084968566895,worst_uncertainty_stratified_mhz
3371,510.0,7,53.20415216548688,-53.20415216548688,53.20415216548688,13.798145855111644,39.40600631037524,14.363287130991617,worst_uncertainty_stratified_mhz
3461,510.0,7,53.151124817011336,-53.151124817011336,53.151124817011336,21.14765278314879,32.00347203386255,14.08564043045044,worst_uncertainty_stratified_mhz
3993,510.0,7,53.11226743965758,-53.11226743965758,53.11226743965758,13.706261129282339,39.40600631037524,16.70163043340047,worst_uncertainty_stratified_mhz
3732,250.0,7,53.08225940528705,-53.08225940528705,53.08225940528705,10.111662222769072,42.97059718251798,5.507686952749888,worst_uncertainty_stratified_mhz
3428,200.0,7,53.06491477262642,-53.06491477262642,53.06491477262642,15.93152159493676,37.13339317768966,6.548885941505432,worst_uncertainty_stratified_mhz
3586,510.0,7,52.83646403407346,-52.83646403407346,52.83646403407346,21.103200728828597,31.73326330524486,14.791762351989746,worst_uncertainty_stratified_mhz
3938,510.0,7,52.74436315741588,-52.74436315741588,52.74436315741588,13.759679555319584,38.9846836020963,18.332462787628174,worst_uncertainty_stratified_mhz
4750,90.0,8,44.96894412473386,-44.96894412473386,44.96894412473386,1.9983469422158844,42.97059718251798,5.713932275772095,worst_uncertainty_stratified_mhz
4121,90.0,8,44.5635496743199,-44.5635496743199,44.5635496743199,1.5929524918019273,42.97059718251798,5.452313264211019,worst_uncertainty_stratified_mhz
4195,100.0,8,40.86987365833502,-40.86987365833502,40.86987365833502,1.8040460222937027,39.06582763604131,5.0599391857783,worst_uncertainty_stratified_mhz
4239,200.0,8,101.68504950801614,-101.68504950801614,101.68504950801614,64.24138812484237,37.44366138317376,8.625271360079447,worst_uncertainty_stratified_mhz
4056,265.0,8,49.33965626438365,-49.33965626438365,49.33965626438365,6.6085850814090215,42.731071182974624,8.408557097117106,worst_uncertainty_stratified_mhz
4044,265.0,8,47.736994088916695,-47.736994088916695,47.736994088916695,6.235655422421714,41.50133866649498,7.666435082753499,worst_uncertainty_stratified_mhz
4697,435.0,8,49.181660064214995,-49.181660064214995,49.181660064214995,8.46311392121033,40.718546143004666,4.763640443483989,worst_uncertainty_stratified_mhz
4654,435.0,8,46.02772669969187,-46.02772669969187,46.02772669969187,1.8321386845969683,44.1955880150949,3.7439406315485635,worst_uncertainty_stratified_mhz
4734,510.0,8,71.74390986852418,-71.74390986852418,71.74390986852418,32.402102871669335,39.34180699685486,15.515602747599283,worst_uncertainty_stratified_mhz
4389,510.0,8,69.03566994679889,-69.03566994679889,69.03566994679889,35.830499666655264,33.20517028014362,16.139564832051594,worst_uncertainty_stratified_mhz
4339,10.0,8,94.51269606258143,-94.51269606258143,94.51269606258143,71.03398229883364,23.47871376374779,25.897368272145588,worst_uncertainty_stratified_mhz
4114,250.0,8,88.77438929265121,-88.77438929265121,88.77438929265121,47.44105595931787,41.333333333333336,9.294408559799194,worst_uncertainty_stratified_mhz
4027,250.0,8,87.19588800412609,-87.19588800412609,87.19588800412609,49.752226620952335,37.44366138317376,6.202192028363545,worst_uncertainty_stratified_mhz
4359,510.0,8,67.12965234252198,-67.12965234252198,67.12965234252198,33.4477251081397,33.68192723438227,16.09767158826192,worst_uncertainty_stratified_mhz
4303,510.0,8,65.9617093768884,-65.9617093768884,65.9617093768884,25.545472265769025,40.416237111119365,16.062812725702923,worst_uncertainty_stratified_mhz
4443,510.0,8,62.58227356246203,-62.58227356246203,62.58227356246203,27.656558744357653,34.925714818104375,14.37953805923462,worst_uncertainty_stratified_mhz
4349,510.0,8,61.51893879588552,-61.51893879588552,61.51893879588552,23.843054967868664,37.67588382801686,15.162434101104736,worst_uncertainty_stratified_mhz
4467,510.0,8,61.32692478645821,-61.32692478645821,61.32692478645821,26.597414440228324,34.72951034622989,15.729766845703125,worst_uncertainty_stratified_mhz
4226,240.0,8,60.8216658167628,-60.8216658167628,60.8216658167628,22.144942986501068,38.67672283026173,6.873925010363261,worst_uncertainty_stratified_mhz
4648,510.0,8,59.40369286513226,-59.40369286513226,59.40369286513226,21.818973748034804,37.58471911709746,15.559542020161947,worst_uncertainty_stratified_mhz
4695,250.0,8,58.75223141386585,-58.75223141386585,58.75223141386585,15.781634231347871,42.97059718251798,4.987527887026469,worst_uncertainty_stratified_mhz
4074,510.0,8,58.16115851527937,-58.16115851527937,58.16115851527937,24.26097824699433,33.900180268285034,16.446083943049114,worst_uncertainty_stratified_mhz
4369,160.0,8,57.794488650866214,-57.794488650866214,57.794488650866214,14.823891468348236,42.97059718251798,5.813973307609558,worst_uncertainty_stratified_mhz
4591,510.0,8,57.37419544581965,-57.37419544581965,57.37419544581965,22.448480627715274,34.925714818104375,14.18944231669108,worst_uncertainty_stratified_mhz
4020,200.0,8,57.08150318890874,-57.08150318890874,57.08150318890874,19.453204145650236,37.62829904325851,5.878726840019226,worst_uncertainty_stratified_mhz
4627,235.0,8,56.60113968769541,-56.60113968769541,56.60113968769541,18.972840644436896,37.62829904325851,6.728163997332255,worst_uncertainty_stratified_mhz
4470,510.0,8,54.80706286917718,-54.80706286917718,54.80706286917718,15.741235233135866,39.06582763604131,13.77409060796102,worst_uncertainty_stratified_mhz
4433,510.0,8,54.74260591742548,-54.74260591742548,54.74260591742548,21.008350330559477,33.734255586866,16.234925746917725,worst_uncertainty_stratified_mhz
4772,505.0,8,54.439564042751414,-54.439564042751414,54.439564042751414,16.811264999492902,37.62829904325851,14.502438386281332,worst_uncertainty_stratified_mhz
4338,250.0,8,53.7896073630509,-53.7896073630509,53.7896073630509,11.172448586072088,42.61715877697881,4.835245847702026,worst_uncertainty_stratified_mhz
4041,250.0,8,53.53702309284742,-53.53702309284742,53.53702309284742,11.951435311608703,41.585587781238715,4.733041127522786,worst_uncertainty_stratified_mhz
4057,510.0,8,52.83338294394592,-52.83338294394592,52.83338294394592,15.205083900687415,37.62829904325851,14.538569609324137,worst_uncertainty_stratified_mhz
4666,535.0,8,52.139357892101295,-52.139357892101295,52.139357892101295,19.143566914732347,32.99579097736895,15.796594460805258,worst_uncertainty_stratified_mhz
4123,200.0,8,51.98617308081207,-51.98617308081207,51.98617308081207,14.357874037553566,37.62829904325851,5.654982328414917,worst_uncertainty_stratified_mhz
4193,250.0,8,51.89356697385086,-51.89356697385086,51.89356697385086,10.307979192612146,41.585587781238715,6.393221497535706,worst_uncertainty_stratified_mhz
4573,600.0,8,51.854293555191276,-51.854293555191276,51.854293555191276,18.747563792867194,33.106729762324086,17.240290482838947,worst_uncertainty_stratified_mhz
4033,200.0,8,51.57435004015791,-51.57435004015791,51.57435004015791,12.508522404116599,39.06582763604131,4.966916720072429,worst_uncertainty_stratified_mhz
4908,90.0,9,44.37230019662185,-44.37230019662185,44.37230019662185,2.704300217954502,41.667999978667346,5.69109034538269,worst_uncertainty_stratified_mhz
5560,90.0,9,43.909748586292594,-43.909748586292594,43.909748586292594,0.9391514037746146,42.97059718251798,5.136786659558614,worst_uncertainty_stratified_mhz
4948,100.0,9,44.93765211835264,-44.93765211835264,44.93765211835264,2.0074762510212736,42.930175867331364,5.380040884017944,worst_uncertainty_stratified_mhz
5075,200.0,9,185.0343010555025,-185.0343010555025,185.0343010555025,146.43774104758933,38.5965600079132,8.726390302181244,worst_uncertainty_stratified_mhz
5009,265.0,9,46.76237139263857,-46.76237139263857,46.76237139263857,3.791774210120593,42.97059718251798,7.053644180297852,worst_uncertainty_stratified_mhz
4992,265.0,9,46.51624390968035,-46.51624390968035,46.51624390968035,2.32065589458545,44.1955880150949,7.626818100611369,worst_uncertainty_stratified_mhz
5008,435.0,9,58.16130341619487,-58.16130341619487,58.16130341619487,17.644845854688658,40.51645756150621,5.137505769729614,worst_uncertainty_stratified_mhz
5138,435.0,9,54.58676800883751,-54.58676800883751,54.58676800883751,24.88828319900251,29.698484809834994,6.7048176527023315,worst_uncertainty_stratified_mhz
5417,510.0,9,69.81672810036892,-69.81672810036892,69.81672810036892,30.970163830725266,38.84656426964366,15.47232993443807,worst_uncertainty_stratified_mhz
5140,510.0,9,67.35952495487112,-67.35952495487112,67.35952495487112,35.21531863398027,32.14420632089086,13.552478551864624,worst_uncertainty_stratified_mhz
5413,250.0,9,142.14474529872703,-142.14474529872703,142.14474529872703,118.66307395938475,23.481671339342284,8.622510353724161,worst_uncertainty_stratified_mhz
5454,250.0,9,74.50814298872015,-74.50814298872015,74.50814298872015,35.6176271497367,38.89051583898345,7.58054522673289,worst_uncertainty_stratified_mhz
5502,200.0,9,74.01360203456909,-74.01360203456909,74.01360203456909,36.47658326938505,37.53701876518403,6.254377722740173,worst_uncertainty_stratified_mhz
5326,200.0,9,71.68311788020873,-71.68311788020873,71.68311788020873,33.186003991271825,38.497113888936894,6.327040076255798,worst_uncertainty_stratified_mhz
5308,200.0,9,67.70524838783216,-67.70524838783216,67.70524838783216,39.578057115170594,28.127191272661566,9.399606545766195,worst_uncertainty_stratified_mhz
5493,250.0,9,67.43059336032867,-67.43059336032867,67.43059336032867,29.893574595144646,37.53701876518403,5.490583976109822,worst_uncertainty_stratified_mhz
5097,510.0,9,65.85151639609415,-65.85151639609415,65.85151639609415,25.132970253089496,40.718546143004666,15.741453488667807,worst_uncertainty_stratified_mhz
5332,200.0,9,65.75594036783286,-65.75594036783286,65.75594036783286,28.57470256643033,37.18123780140253,6.43818614880244,worst_uncertainty_stratified_mhz
5473,200.0,9,64.28804135512715,-64.28804135512715,64.28804135512715,21.67088257814834,42.61715877697881,4.946177264054616,worst_uncertainty_stratified_mhz
5155,170.0,9,62.88280509053151,-62.88280509053151,62.88280509053151,23.8169774544902,39.06582763604131,6.06886891523997,worst_uncertainty_stratified_mhz
4968,10.0,9,61.7194394907859,-61.7194394907859,61.7194394907859,20.051439512118552,41.667999978667346,23.554457505544026,worst_uncertainty_stratified_mhz
5354,510.0,9,61.36887481651907,-61.36887481651907,61.36887481651907,26.121337471494673,35.24753734502439,15.209249496459961,worst_uncertainty_stratified_mhz
5247,510.0,9,60.31601948968071,-60.31601948968071,60.31601948968071,20.974212492825853,39.34180699685486,15.477334022521973,worst_uncertainty_stratified_mhz
5290,510.0,9,59.51610189853477,-59.51610189853477,59.51610189853477,22.166031245619305,37.35007065291547,19.880223910013836,worst_uncertainty_stratified_mhz
4893,510.0,9,59.10387110503255,-59.10387110503255,59.10387110503255,20.038043468991244,39.06582763604131,14.881134192148844,worst_uncertainty_stratified_mhz
4897,510.0,9,59.02874917301956,-59.02874917301956,59.02874917301956,16.05815199050158,42.97059718251798,16.464776198069256,worst_uncertainty_stratified_mhz
5225,510.0,9,58.53868247943208,-58.53868247943208,58.53868247943208,20.06755333330774,38.47112914612434,17.20527998606364,worst_uncertainty_stratified_mhz
5259,510.0,9,57.249384095272994,-57.249384095272994,57.249384095272994,20.73873115975597,36.51065293551702,13.574534257253012,worst_uncertainty_stratified_mhz
5244,510.0,9,56.96950190368112,-56.96950190368112,56.96950190368112,12.773913888586222,44.1955880150949,14.527423222859701,worst_uncertainty_stratified_mhz
4994,510.0,9,56.895478608446666,-56.895478608446666,56.895478608446666,23.585486780835,33.30999182761166,15.781129201253256,worst_uncertainty_stratified_mhz
5529,235.0,9,56.776870580393144,-56.776870580393144,56.776870580393144,14.786130860518933,41.99073971987421,6.029098629951477,worst_uncertainty_stratified_mhz
5554,510.0,9,56.346967668968574,-56.346967668968574,56.346967668968574,13.376370486450595,42.97059718251798,15.511574904123941,worst_uncertainty_stratified_mhz
5098,250.0,9,56.08283200984536,-56.08283200984536,56.08283200984536,18.454532966586857,37.62829904325851,5.857666492462158,worst_uncertainty_stratified_mhz
5261,250.0,9,55.878353391524314,-55.878353391524314,55.878353391524314,18.388725196219124,37.489628195305194,6.128267188866933,worst_uncertainty_stratified_mhz
5283,510.0,9,55.75403691543258,-55.75403691543258,55.75403691543258,22.07210968105031,33.68192723438227,12.936937729517618,worst_uncertainty_stratified_mhz
5233,510.0,9,55.60411807570054,-55.60411807570054,55.60411807570054,17.479687296707628,38.12443077899291,13.703443686167398,worst_uncertainty_stratified_mhz
5456,250.0,9,55.511608859005776,-55.511608859005776,55.511608859005776,18.235983817670498,37.27562504133528,4.498925805091858,worst_uncertainty_stratified_mhz
5624,90.0,10,44.26714565367608,-44.26714565367608,44.26714565367608,1.2965484711581075,42.97059718251798,5.135142246882121,worst_uncertainty_stratified_mhz
5639,90.0,10,43.62504989592316,-43.62504989592316,43.62504989592316,0.6544527134051855,42.97059718251798,5.737875302632649,worst_uncertainty_stratified_mhz
5980,100.0,10,44.28333146022349,-44.28333146022349,44.28333146022349,1.3127342777055193,42.97059718251798,4.293355067571004,worst_uncertainty_stratified_mhz
6062,200.0,10,215.88851660703764,-215.88851660703764,215.88851660703764,180.81201291708715,35.076503689950506,9.317028601964315,worst_uncertainty_stratified_mhz
5619,265.0,10,48.84707412107296,-48.84707412107296,48.84707412107296,7.591434775914606,41.25563934515835,7.954772551854451,worst_uncertainty_stratified_mhz
5981,265.0,10,48.73800793534594,-48.73800793534594,48.73800793534594,7.152420154107227,41.585587781238715,8.360185305277506,worst_uncertainty_stratified_mhz
6059,435.0,10,58.369432813646,-58.369432813646,58.369432813646,25.744885136917805,32.6245476767282,6.865496873855591,worst_uncertainty_stratified_mhz
6042,435.0,10,57.79176815702303,-57.79176815702303,57.79176815702303,21.722390563280168,36.069377593742864,5.325291554133098,worst_uncertainty_stratified_mhz
5665,510.0,10,70.71649806925649,-70.71649806925649,70.71649806925649,29.240936322340715,41.475561746915766,13.390717426935831,worst_uncertainty_stratified_mhz
5758,510.0,10,69.7433624741813,-69.7433624741813,69.7433624741813,31.72399606412362,38.01936641005768,13.507989168167114,worst_uncertainty_stratified_mhz
6263,200.0,10,178.54506683817885,-178.54506683817885,178.54506683817885,138.5641686213776,39.980898216801265,12.403608163197836,worst_uncertainty_stratified_mhz
6392,200.0,10,177.70201839186592,-177.70201839186592,177.70201839186592,135.36934123159696,42.33267716026894,9.721221288045248,worst_uncertainty_stratified_mhz
6285,250.0,10,171.47968426730625,-171.47968426730625,171.47968426730625,143.34854296249762,28.131141304808647,7.8905622363090515,worst_uncertainty_stratified_mhz
5717,200.0,10,168.24644407681603,-168.24644407681603,168.24644407681603,130.84694913073125,37.3994949460848,12.236773292223612,worst_uncertainty_stratified_mhz
6029,200.0,10,130.88965787082788,-130.88965787082788,130.88965787082788,94.61370930370636,36.2759485671215,10.215569416681925,worst_uncertainty_stratified_mhz
6024,200.0,10,116.73402268581984,-116.73402268581984,116.73402268581984,75.30369294754449,41.43032973827534,7.359749178091685,worst_uncertainty_stratified_mhz
5851,200.0,10,103.68422973687194,-103.68422973687194,103.68422973687194,74.72592637957331,28.958303357298636,11.064337253570557,worst_uncertainty_stratified_mhz
5966,250.0,10,101.06319819275967,-101.06319819275967,101.06319819275967,58.43430866673258,42.62888952602709,7.462895035743713,worst_uncertainty_stratified_mhz
6128,200.0,10,90.48512697257966,-90.48512697257966,90.48512697257966,53.636713769898115,36.84841320268155,6.455472389856975,worst_uncertainty_stratified_mhz
6360,200.0,10,90.40793806814956,-90.40793806814956,90.40793806814956,48.58024920591913,41.82768886223043,9.323218782742819,worst_uncertainty_stratified_mhz
6115,250.0,10,77.86725230646523,-77.86725230646523,77.86725230646523,34.714744976196585,43.15250733026865,5.676231900850932,worst_uncertainty_stratified_mhz
6108,250.0,10,75.90062451697997,-75.90062451697997,75.90062451697997,38.36360575179595,37.53701876518402,5.62778768936793,worst_uncertainty_stratified_mhz
5731,500.0,10,75.038552679572,-75.038552679572,75.038552679572,41.74482621012701,33.29372646944499,6.330880482991536,worst_uncertainty_stratified_mhz
5666,250.0,10,71.73287969002476,-71.73287969002476,71.73287969002476,30.788472935933854,40.9444067540909,9.420957008997599,worst_uncertainty_stratified_mhz
6217,250.0,10,71.0539582346228,-71.0539582346228,71.0539582346228,38.36179131687661,32.69216691774618,6.07466721534729,worst_uncertainty_stratified_mhz
6293,200.0,10,70.47875497855823,-70.47875497855823,70.47875497855823,33.22586545602887,37.25288952252936,6.1791015068689985,worst_uncertainty_stratified_mhz
6343,200.0,10,68.7092512751909,-68.7092512751909,68.7092512751909,26.521838723841196,42.187412551349695,8.26004179318746,worst_uncertainty_stratified_mhz
5610,200.0,10,67.6920143032858,-67.6920143032858,67.6920143032858,23.496426288190904,44.1955880150949,6.741663138071696,worst_uncertainty_stratified_mhz
6159,510.0,10,67.63405021620953,-67.63405021620953,67.63405021620953,28.291890189648257,39.342160026561274,15.442778587341309,worst_uncertainty_stratified_mhz
5762,240.0,10,67.04539631795016,-67.04539631795016,67.04539631795016,24.07479913543219,42.97059718251798,8.102059284845987,worst_uncertainty_stratified_mhz
6157,170.0,10,66.64946541501934,-66.64946541501934,66.64946541501934,29.78899275873827,36.86047265628107,7.640156348546346,worst_uncertainty_stratified_mhz
6274,250.0,10,66.53320214451767,-66.53320214451767,66.53320214451767,36.11025758690532,30.42294455761236,5.830295940240224,worst_uncertainty_stratified_mhz
6337,510.0,10,66.22694485390124,-66.22694485390124,66.22694485390124,25.531258486807147,40.695686367094105,13.665465513865152,worst_uncertainty_stratified_mhz
6238,245.0,10,65.59413920761166,-65.59413920761166,65.59413920761166,27.96584016435315,37.62829904325851,6.383977333704631,worst_uncertainty_stratified_mhz
6153,570.0,10,65.34184188784734,-65.34184188784734,65.34184188784734,27.61475170939157,37.72709017845577,14.558504501978556,worst_uncertainty_stratified_mhz
5874,250.0,10,64.98847860792792,-64.98847860792792,64.98847860792792,27.36017956466941,37.62829904325851,6.716381351153056,worst_uncertainty_stratified_mhz
6344,510.0,10,64.58389863933509,-64.58389863933509,64.58389863933509,27.303802669024662,37.28009597031043,15.759568214416504,worst_uncertainty_stratified_mhz
