epoch,train_sec,val_sec,total_sec,val_ran,train_loss,val_loss
1,87.65,27.90,115.55,1,47.358064,16.1942
2,73.78,0.00,73.78,0,20.738226,
3,74.28,0.00,74.28,0,20.827397,
4,71.22,0.00,71.22,0,20.095444,
5,77.09,0.00,77.09,0,18.248015,
6,76.28,0.00,76.28,0,17.542177,
7,73.54,0.00,73.54,0,17.276124,
8,75.59,0.00,75.59,0,17.718221,
9,75.15,0.00,75.15,0,17.395656,
10,73.97,0.00,73.97,0,17.564536,
11,72.83,0.00,72.83,0,16.905915,
12,74.24,0.00,74.24,0,15.362547,
13,73.60,0.00,73.60,0,15.354743,
14,73.80,0.00,73.80,0,15.284123,
15,75.85,0.00,75.85,0,15.173392,
16,75.63,0.00,75.63,0,15.338433,
17,73.38,0.00,73.38,0,15.294878,
18,71.03,0.00,71.03,0,15.583140,
19,72.65,0.00,72.65,0,15.586376,
20,71.84,0.00,71.84,0,15.451663,
21,81.96,0.00,81.96,0,16.757536,
22,80.28,0.00,80.28,0,16.826977,
23,75.89,0.00,75.89,0,17.194358,
24,77.91,0.00,77.91,0,17.387253,
25,79.70,19.62,99.31,1,17.336167,11.8145
26,74.32,0.00,74.32,0,17.492291,
27,76.30,0.00,76.30,0,17.244873,
28,75.71,0.00,75.71,0,17.084820,
29,74.52,0.00,74.52,0,16.838054,
30,70.33,0.00,70.33,0,16.518428,
31,68.22,0.00,68.22,0,16.545008,
32,67.14,0.00,67.14,0,16.373743,
33,68.00,0.00,68.00,0,16.304810,
34,71.56,0.00,71.56,0,16.196822,
35,70.96,0.00,70.96,0,16.100710,
36,71.86,0.00,71.86,0,15.965157,
37,70.84,0.00,70.84,0,15.958279,
38,70.96,0.00,70.96,0,15.777349,
39,68.12,0.00,68.12,0,15.662745,
40,68.43,0.00,68.43,0,15.608414,
41,69.23,0.00,69.23,0,15.477074,
42,68.55,0.00,68.55,0,15.389488,
43,68.03,0.00,68.03,0,15.362904,
44,67.56,0.00,67.56,0,15.144223,
45,69.20,0.00,69.20,0,15.163679,
46,68.09,0.00,68.09,0,15.113815,
47,71.91,0.00,71.91,0,14.995171,
48,68.90,0.00,68.90,0,14.950583,
49,70.31,0.00,70.31,0,14.886283,
50,71.91,17.21,89.12,1,14.839829,9.7629
51,68.61,0.00,68.61,0,14.712033,
52,66.49,0.00,66.49,0,14.867220,
53,67.60,0.00,67.60,0,14.644332,
54,71.14,0.00,71.14,0,14.517112,
55,69.52,0.00,69.52,0,14.475091,
56,68.65,0.00,68.65,0,14.502603,
57,69.13,0.00,69.13,0,14.413831,
58,69.40,0.00,69.40,0,14.368984,
59,67.96,0.00,67.96,0,14.224047,
60,69.78,0.00,69.78,0,14.238594,
61,69.27,0.00,69.27,0,14.102734,
62,71.29,0.00,71.29,0,14.177030,
63,69.08,0.00,69.08,0,14.092519,
64,69.55,0.00,69.55,0,14.099956,
65,70.27,0.00,70.27,0,13.958413,
66,68.58,0.00,68.58,0,13.911156,
67,68.76,0.00,68.76,0,13.844855,
68,70.98,0.00,70.98,0,13.963900,
69,68.88,0.00,68.88,0,13.846516,
70,67.44,0.00,67.44,0,13.690095,
71,68.81,0.00,68.81,0,13.607920,
72,65.87,0.00,65.87,0,13.571656,
73,72.23,0.00,72.23,0,13.731129,
74,71.17,0.00,71.17,0,13.404723,
75,70.35,18.45,88.81,1,13.574980,8.9583
76,68.84,0.00,68.85,0,13.563698,
77,64.54,0.00,64.54,0,13.337210,
78,65.37,0.00,65.37,0,13.384778,
79,70.28,0.00,70.28,0,13.365761,
80,72.95,0.00,72.95,0,13.359975,
81,70.70,0.00,70.70,0,13.402507,
82,68.18,0.00,68.18,0,13.355251,
83,70.11,0.00,70.11,0,13.259628,
84,69.15,0.00,69.15,0,13.164971,
85,70.80,0.00,70.80,0,13.158138,
86,68.64,0.00,68.65,0,13.214600,
87,71.67,0.00,71.67,0,13.094268,
88,69.52,0.00,69.52,0,13.177600,
89,72.12,0.00,72.12,0,13.105821,
90,71.37,0.00,71.37,0,13.015074,
91,71.57,0.00,71.57,0,12.953361,
92,70.61,0.00,70.61,0,12.981211,
93,71.68,0.00,71.68,0,12.970164,
94,71.80,0.00,71.80,0,12.991186,
95,72.24,0.00,72.24,0,12.904870,
96,67.89,0.00,67.89,0,12.891020,
97,69.47,0.00,69.47,0,12.871193,
98,70.19,0.00,70.19,0,12.851883,
99,70.36,0.00,70.36,0,12.835149,
100,70.47,17.76,88.24,1,12.837473,8.4894
101,71.60,0.00,71.60,0,12.751199,
102,71.97,0.00,71.97,0,12.746671,
103,72.11,0.00,72.11,0,12.719121,
104,69.21,0.00,69.21,0,12.664790,
105,69.75,0.00,69.75,0,12.608333,
106,69.67,0.00,69.67,0,12.677592,
107,70.02,0.00,70.02,0,12.578272,
108,69.00,0.00,69.00,0,12.632670,
109,69.76,0.00,69.76,0,12.593593,
110,68.84,0.00,68.84,0,12.564631,
111,72.59,0.00,72.59,0,12.488642,
112,70.75,0.00,70.75,0,12.606986,
113,70.13,0.00,70.13,0,12.517131,
114,70.59,0.00,70.59,0,12.515318,
115,72.66,0.00,72.66,0,12.491160,
116,71.69,0.00,71.69,0,12.499056,
117,71.40,0.00,71.40,0,12.404097,
118,73.12,0.00,73.12,0,12.415670,
119,73.23,0.00,73.23,0,12.364218,
120,72.12,0.00,72.12,0,12.411441,
121,72.90,0.00,72.90,0,12.369598,
122,73.67,0.00,73.67,0,12.333916,
123,72.03,0.00,72.03,0,12.356772,
124,70.82,0.00,70.82,0,12.275932,
125,69.63,18.26,87.89,1,12.236611,8.1870
126,70.85,0.00,70.85,0,12.220690,
127,68.19,0.00,68.19,0,12.305784,
128,71.51,0.00,71.51,0,12.287928,
129,71.36,0.00,71.36,0,12.204611,
130,69.71,0.00,69.71,0,12.249382,
131,70.19,0.00,70.19,0,12.139595,
132,71.45,0.00,71.45,0,12.236126,
133,68.22,0.00,68.22,0,12.152189,
134,70.88,0.00,70.88,0,12.132621,
135,72.64,0.00,72.64,0,12.094381,
136,71.93,0.00,71.93,0,12.137667,
137,69.72,0.00,69.72,0,12.194211,
138,70.72,0.00,70.72,0,12.141842,
139,71.25,0.00,71.25,0,12.109874,
140,73.41,0.00,73.41,0,12.179186,
141,73.95,0.00,73.95,0,12.020102,
142,71.18,0.00,71.18,0,12.094246,
143,74.81,0.00,74.81,0,12.031578,
144,72.29,0.00,72.29,0,12.110723,
145,71.52,0.00,71.52,0,11.981085,
146,70.62,0.00,70.62,0,12.026146,
147,72.33,0.00,72.33,0,11.876834,
148,69.41,0.00,69.41,0,11.948975,
149,76.07,0.00,76.07,0,11.955742,
150,71.99,18.80,90.79,1,11.866794,7.9050
151,73.09,0.00,73.09,0,11.979408,
152,73.98,0.00,73.98,0,11.904892,
153,72.03,0.00,72.03,0,11.842953,
154,71.27,0.00,71.27,0,11.781634,
155,71.68,0.00,71.68,0,11.834392,
156,71.36,0.00,71.36,0,11.763967,
157,71.34,0.00,71.34,0,11.901598,
158,74.07,0.00,74.07,0,11.809998,
159,70.13,0.00,70.13,0,11.817528,
160,72.29,0.00,72.29,0,11.782641,
161,73.86,0.00,73.86,0,11.876224,
162,71.50,0.00,71.50,0,11.771041,
163,73.36,0.00,73.36,0,11.685511,
164,72.36,0.00,72.36,0,11.728231,
165,73.23,0.00,73.23,0,11.754816,
166,74.51,0.00,74.51,0,11.713848,
167,72.88,0.00,72.88,0,11.732092,
168,69.87,0.00,69.87,0,11.753718,
169,70.37,0.00,70.37,0,11.642023,
170,69.66,0.00,69.66,0,11.618474,
171,71.78,0.00,71.78,0,11.656953,
172,71.69,0.00,71.69,0,11.760321,
173,71.97,0.00,71.97,0,11.553374,
174,74.83,0.00,74.83,0,11.553539,
175,73.09,18.77,91.86,1,11.607481,7.5925
176,71.27,0.00,71.27,0,11.624420,
177,73.24,0.00,73.24,0,11.627814,
178,76.23,0.00,76.23,0,11.545403,
179,73.67,0.00,73.67,0,11.620133,
180,72.66,0.00,72.66,0,11.578732,
181,73.90,0.00,73.90,0,11.640073,
182,72.87,0.00,72.87,0,11.562721,
183,70.33,0.00,70.33,0,11.459490,
184,70.77,0.00,70.77,0,11.513678,
185,72.53,0.00,72.53,0,11.471108,
186,73.16,0.00,73.16,0,11.468540,
187,70.21,0.00,70.21,0,11.479866,
188,72.10,0.00,72.10,0,11.519233,
189,70.97,0.00,70.97,0,11.518823,
190,74.31,0.00,74.31,0,11.414107,
191,75.36,0.00,75.36,0,11.400173,
192,71.24,0.00,71.24,0,11.469566,
193,74.27,0.00,74.27,0,11.501993,
194,71.05,0.00,71.05,0,11.358119,
195,72.96,0.00,72.96,0,11.340167,
196,72.08,0.00,72.08,0,11.358902,
197,72.39,0.00,72.39,0,11.400200,
198,72.73,0.00,72.73,0,11.388461,
199,72.17,0.00,72.17,0,11.307706,
200,69.62,18.40,88.03,1,11.326583,7.3963
201,430.53,0.00,430.53,0,14.111539,
202,421.05,0.00,421.05,0,14.033788,
203,423.89,0.00,423.89,0,14.038410,
204,419.40,0.00,419.40,0,14.116804,
205,432.61,0.00,432.61,0,14.043203,
206,434.02,0.00,434.02,0,13.918371,
207,259.80,0.00,259.80,0,14.101552,
208,477.69,0.00,477.69,0,13.996183,
209,594.26,0.00,594.26,0,13.971839,
210,675.78,0.00,675.78,0,14.008875,
211,639.18,0.00,639.18,0,14.055372,
212,630.68,0.00,630.68,0,14.032255,
213,626.37,0.00,626.37,0,13.982338,
214,591.89,0.00,591.89,0,14.084334,
215,719.69,0.00,719.70,0,14.071754,
216,544.17,0.00,544.17,0,13.973845,
217,551.68,0.00,551.68,0,14.033393,
218,576.80,0.00,576.80,0,14.012771,
219,686.60,0.00,686.60,0,13.960014,
220,605.99,0.00,605.99,0,14.022569,
221,580.41,0.00,580.41,0,13.860030,
222,593.45,0.00,593.45,0,13.994066,
223,632.12,0.00,632.12,0,13.920169,
224,567.57,0.00,567.57,0,14.081563,
225,632.09,379.89,1011.98,1,13.929398,8.8788
226,623.43,0.00,623.43,0,13.909476,
227,637.97,0.00,637.97,0,13.849257,
228,578.58,0.00,578.58,0,13.905833,
229,629.07,0.00,629.07,0,13.901031,
230,631.18,0.00,631.18,0,13.943116,
231,632.59,0.00,632.59,0,13.823348,
232,689.65,0.00,689.65,0,13.950986,
233,581.73,0.00,581.73,0,13.973231,
234,597.00,0.00,597.00,0,13.836885,
235,592.84,0.00,592.84,0,14.014505,
236,608.13,0.00,608.13,0,13.884886,
237,610.68,0.00,610.68,0,13.922789,
238,594.86,0.00,594.86,0,13.804618,
239,618.92,0.00,618.92,0,13.921513,
240,538.74,0.00,538.74,0,13.911534,
241,616.11,0.00,616.11,0,13.909883,
242,594.09,0.00,594.09,0,13.906610,
243,606.94,0.00,606.94,0,13.944527,
244,708.42,0.00,708.42,0,13.786965,
245,617.52,0.00,617.52,0,13.894090,
246,612.26,0.00,612.26,0,13.891653,
247,685.35,0.00,685.35,0,13.796121,
248,676.60,0.00,676.60,0,13.844421,
249,587.97,0.00,587.97,0,13.811287,
250,632.11,350.65,982.75,1,13.787715,8.8336
251,614.82,0.00,614.82,0,13.890097,
252,632.75,0.00,632.75,0,13.851917,
253,618.61,0.00,618.61,0,13.742936,
254,640.89,0.00,640.89,0,13.739370,
255,581.45,0.00,581.45,0,13.768363,
256,564.45,0.00,564.45,0,13.758022,
257,634.25,0.00,634.25,0,13.669052,
258,584.23,0.00,584.23,0,13.634883,
259,601.59,0.00,601.59,0,13.742396,
260,668.53,0.00,668.53,0,13.646713,
261,680.40,0.00,680.40,0,13.696151,
262,637.62,0.00,637.62,0,13.493386,
263,587.82,0.00,587.82,0,13.647003,
264,604.27,0.00,604.27,0,13.576136,
265,628.42,0.00,628.42,0,13.602419,
266,472.85,0.00,472.85,0,13.524699,
267,455.02,0.00,455.02,0,13.573330,
268,463.95,0.00,463.95,0,13.620142,
269,461.03,0.00,461.03,0,13.664904,
270,466.08,0.00,466.08,0,13.600745,
271,621.92,0.00,621.92,0,13.543877,
272,550.95,0.00,550.95,0,13.524622,
273,522.93,0.00,522.93,0,13.545010,
274,492.18,0.00,492.18,0,13.486161,
275,512.33,258.71,771.03,1,13.418263,8.5838
276,509.18,0.00,509.18,0,13.435062,
277,503.79,0.00,503.79,0,13.466485,
278,506.27,0.00,506.27,0,13.411260,
279,522.71,0.00,522.71,0,13.581151,
280,503.85,0.00,503.85,0,13.566471,
281,518.54,0.00,518.54,0,13.443550,
282,513.14,0.00,513.14,0,13.513068,
283,528.40,0.00,528.40,0,13.500099,
284,507.54,0.00,507.55,0,13.495384,
285,547.33,0.00,547.33,0,13.412537,
286,529.09,0.00,529.09,0,13.459151,
287,479.00,0.00,479.00,0,13.542549,
288,465.43,0.00,465.43,0,13.499206,
289,468.98,0.00,468.98,0,13.451849,
290,466.10,0.00,466.10,0,13.414605,
291,461.01,0.00,461.01,0,13.442361,
292,471.91,0.00,471.91,0,13.340134,
293,477.83,0.00,477.83,0,13.376076,
294,476.51,0.00,476.51,0,13.352397,
295,475.90,0.00,475.90,0,13.398660,
296,487.16,0.00,487.16,0,13.527234,
297,477.68,0.00,477.68,0,13.304225,
298,468.90,0.00,468.90,0,13.274217,
299,477.29,0.00,477.29,0,13.361487,
300,468.97,250.77,719.74,1,13.355327,8.4437
301,463.36,0.00,463.36,0,13.286165,
302,460.04,0.00,460.04,0,13.327574,
303,445.51,0.00,445.51,0,13.348852,
304,469.35,0.00,469.35,0,13.270968,
305,470.99,0.00,470.99,0,13.367857,
306,476.04,0.00,476.04,0,13.323746,
307,472.01,0.00,472.01,0,13.304499,
308,448.97,0.00,448.97,0,13.212610,
301,747.32,0.00,747.32,0,13.450958,
301,760.81,0.00,760.81,0,13.522638,
302,660.23,0.00,660.23,0,13.514298,
302,670.19,0.00,670.20,0,13.345888,
303,651.84,0.00,651.84,0,13.384349,
303,656.22,0.00,656.22,0,13.371748,
304,646.24,0.00,646.24,0,13.383872,
304,642.96,0.00,642.96,0,13.392872,
305,652.97,0.00,652.97,0,13.359944,
305,644.41,0.00,644.41,0,13.404695,
306,650.70,0.00,650.70,0,13.420105,
306,666.87,0.00,666.87,0,13.388495,
307,671.26,0.00,671.26,0,13.359661,
307,644.94,0.00,644.94,0,13.415647,
308,647.33,0.00,647.33,0,13.425871,
308,637.80,0.00,637.80,0,13.347629,
309,673.23,0.00,673.23,0,13.292709,
309,671.48,0.00,671.48,0,13.326805,
310,673.59,0.00,673.59,0,13.416732,
310,663.45,0.00,663.45,0,13.367635,
311,660.99,0.00,660.99,0,13.292614,
311,650.42,0.00,650.42,0,13.341934,
312,649.65,0.00,649.65,0,13.489074,
312,656.66,0.00,656.66,0,13.357323,
313,698.81,0.00,698.81,0,13.233027,
313,681.98,0.00,681.98,0,13.356208,
314,696.17,0.00,696.17,0,13.307009,
314,716.71,0.00,716.71,0,13.257414,
315,705.85,0.00,705.85,0,13.205138,
315,673.33,0.00,673.33,0,13.266098,
316,691.36,0.00,691.36,0,13.247517,
316,675.70,0.00,675.70,0,13.284318,
317,713.91,0.00,713.91,0,13.200820,
317,718.12,0.00,718.12,0,13.260646,
318,731.13,0.00,731.13,0,13.212901,
318,720.06,0.00,720.06,0,13.265722,
319,691.71,0.00,691.71,0,13.255897,
319,683.28,0.00,683.28,0,13.261340,
320,716.44,0.00,716.44,0,13.189748,
320,686.96,0.00,686.96,0,13.314626,
321,708.65,0.00,708.65,0,13.277573,
321,684.69,0.00,684.69,0,13.150143,
322,709.65,0.00,709.65,0,13.128749,
322,702.18,0.00,702.18,0,13.219782,
323,707.65,0.00,707.65,0,13.152429,
323,687.40,0.00,687.40,0,13.142408,
324,693.44,0.00,693.44,0,13.204072,
324,724.61,0.00,724.61,0,13.147324,
325,684.72,401.99,1086.71,1,13.158861,8.5539
325,703.25,417.90,1121.15,1,13.106952,8.4153
326,741.69,0.00,741.69,0,13.117601,
326,744.78,0.00,744.78,0,13.094809,
327,725.16,0.00,725.16,0,13.002543,
327,715.70,0.00,715.70,0,13.062044,
328,732.67,0.00,732.67,0,13.116203,
328,740.90,0.00,740.90,0,13.139426,
329,721.13,0.00,721.13,0,13.182116,
329,729.50,0.00,729.50,0,13.060171,
330,742.81,0.00,742.81,0,13.169546,
330,743.53,0.00,743.53,0,13.004604,
331,726.58,0.00,726.58,0,13.046314,
331,763.58,0.00,763.58,0,13.048449,
332,726.86,0.00,726.86,0,13.152341,
332,718.97,0.00,718.97,0,13.040075,
333,709.54,0.00,709.54,0,13.071374,
333,722.68,0.00,722.68,0,13.018215,
334,739.49,0.00,739.49,0,13.104783,
334,743.05,0.00,743.05,0,13.135224,
335,709.64,0.00,709.64,0,13.026821,
335,730.25,0.00,730.25,0,13.093340,
336,703.21,0.00,703.21,0,13.015496,
336,716.97,0.00,716.97,0,12.983008,
337,708.97,0.00,708.97,0,13.079450,
337,722.78,0.00,722.78,0,12.929978,
338,707.23,0.00,707.23,0,12.995380,
338,713.16,0.00,713.16,0,13.029991,
339,698.04,0.00,698.04,0,13.004100,
339,688.16,0.00,688.16,0,13.017368,
340,710.50,0.00,710.50,0,13.026554,
340,698.07,0.00,698.07,0,12.962465,
341,683.95,0.00,683.95,0,12.988031,
341,705.76,0.00,705.76,0,13.027847,
342,733.28,0.00,733.28,0,12.930370,
342,737.57,0.00,737.57,0,12.963465,
343,705.83,0.00,705.83,0,12.854610,
343,737.74,0.00,737.74,0,12.917560,
344,700.43,0.00,700.43,0,12.948168,
344,669.77,0.00,669.77,0,12.997180,
345,602.54,0.00,602.54,0,12.886067,
345,588.05,0.00,588.05,0,12.886825,
346,626.90,0.00,626.90,0,12.921814,
346,626.31,0.00,626.31,0,12.997845,
347,631.24,0.00,631.24,0,12.957609,
347,634.80,0.00,634.80,0,12.844438,
348,632.22,0.00,632.22,0,12.851290,
348,642.84,0.00,642.84,0,12.898149,
349,679.47,0.00,679.47,0,12.889233,
349,675.43,0.00,675.43,0,12.890419,
350,683.75,342.44,1026.19,1,12.866566,8.1172
350,685.58,349.98,1035.56,1,12.820740,8.1495
351,687.68,0.00,687.68,0,12.918749,
351,689.69,0.00,689.69,0,12.861334,
352,677.29,0.00,677.29,0,12.885737,
352,685.07,0.00,685.07,0,12.837600,
353,680.54,0.00,680.54,0,12.795773,
353,712.33,0.00,712.33,0,12.867390,
354,669.13,0.00,669.13,0,12.766085,
354,671.56,0.00,671.56,0,12.766859,
355,667.36,0.00,667.36,0,12.826293,
355,663.73,0.00,663.74,0,12.850706,
356,672.26,0.00,672.26,0,12.789128,
356,694.05,0.00,694.05,0,12.886744,
357,663.94,0.00,663.94,0,12.734692,
357,678.50,0.00,678.50,0,12.809759,
358,696.59,0.00,696.59,0,12.758819,
358,698.81,0.00,698.81,0,12.871440,
359,681.11,0.00,681.11,0,12.839340,
359,678.68,0.00,678.68,0,12.800099,
360,700.13,0.00,700.13,0,12.792052,
360,722.48,0.00,722.48,0,12.769389,
361,672.00,0.00,672.00,0,12.743808,
361,695.76,0.00,695.76,0,12.750740,
362,679.82,0.00,679.82,0,12.757676,
362,676.92,0.00,676.92,0,12.783124,
363,626.04,0.00,626.04,0,12.773442,
363,610.49,0.00,610.49,0,12.896820,
364,591.46,0.00,591.46,0,12.769811,
364,593.17,0.00,593.17,0,12.814254,
365,549.63,0.00,549.63,0,12.749507,
365,572.03,0.00,572.03,0,12.690437,
366,561.15,0.00,561.15,0,12.779813,
366,564.79,0.00,564.79,0,12.756630,
367,539.46,0.00,539.46,0,12.781033,
367,573.97,0.00,573.97,0,12.720623,
368,574.42,0.00,574.42,0,12.722629,
368,562.28,0.00,562.28,0,12.706987,
369,551.52,0.00,551.52,0,12.705019,
369,565.36,0.00,565.36,0,12.688108,
370,644.47,0.00,644.47,0,12.741479,
370,743.00,0.00,743.00,0,12.661757,
371,763.36,0.00,763.36,0,12.682778,
371,748.38,0.00,748.38,0,12.605023,
372,724.45,0.00,724.45,0,12.792815,
372,725.86,0.00,725.86,0,12.665950,
373,747.72,0.00,747.72,0,12.680641,
373,740.16,0.00,740.16,0,12.664887,
374,774.83,0.00,774.83,0,12.656002,
374,811.22,0.00,811.22,0,12.726539,
375,797.25,420.43,1217.68,1,12.598260,8.1016
375,786.34,419.54,1205.88,1,12.635212,7.9485
376,808.16,0.00,808.16,0,12.671335,
376,828.58,0.00,828.58,0,12.605307,
377,800.75,0.00,800.75,0,12.697371,
377,706.21,0.00,706.21,0,12.620519,
378,740.63,0.00,740.63,0,12.709191,
376,399.89,0.00,399.89,0,12.538238,
377,405.16,0.00,405.16,0,12.529353,
378,510.22,0.00,510.22,0,12.645322,
376,41.40,0.00,41.40,0,11.340155,
377,35.54,0.00,35.54,0,11.358646,
378,34.36,0.00,34.36,0,11.310503,
379,35.42,0.00,35.42,0,11.346786,
380,35.23,0.00,35.23,0,11.281693,
381,35.04,0.00,35.04,0,11.170519,
382,35.86,0.00,35.86,0,11.362121,
383,35.90,0.00,35.90,0,11.181352,
384,35.63,0.00,35.63,0,11.263474,
385,35.76,0.00,35.76,0,11.041128,
386,35.87,0.00,35.87,0,11.241878,
387,36.67,0.00,36.67,0,11.254698,
388,35.34,0.00,35.34,0,11.230612,
389,35.57,0.00,35.57,0,11.195211,
390,34.72,0.00,34.72,0,11.345070,
391,34.83,0.00,34.83,0,11.105097,
392,34.71,0.00,34.71,0,11.100255,
379,643.68,0.00,643.68,0,12.618824,
393,36.91,0.00,36.91,0,11.110271,
394,35.80,0.00,35.80,0,11.168383,
395,37.08,0.00,37.08,0,11.168887,
396,37.02,0.00,37.02,0,11.218099,
397,35.16,0.00,35.16,0,11.136834,
398,34.81,0.00,34.81,0,11.215539,
399,34.26,0.00,34.26,0,11.110069,
400,35.32,18.65,53.97,1,11.081265,7.9889
401,34.14,0.00,34.14,0,11.047463,
402,34.89,0.00,34.89,0,11.007313,
403,34.99,0.00,34.99,0,11.181652,
404,34.50,0.00,34.50,0,11.118867,
405,36.22,0.00,36.22,0,11.089213,
406,36.93,0.00,36.93,0,11.075492,
407,35.81,0.00,35.81,0,11.014498,
408,34.16,0.00,34.16,0,11.065946,
380,647.04,0.00,647.04,0,12.754732,
409,35.23,0.00,35.24,0,11.048635,
410,35.14,0.00,35.14,0,11.068555,
411,34.80,0.00,34.80,0,10.984867,
412,36.54,0.00,36.54,0,11.189693,
413,34.59,0.00,34.59,0,11.080944,
414,34.31,0.00,34.31,0,11.093582,
415,33.96,0.00,33.96,0,10.955386,
416,35.23,0.00,35.23,0,11.067918,
417,35.24,0.00,35.24,0,10.966701,
418,35.03,0.00,35.03,0,11.007333,
419,35.34,0.00,35.34,0,10.982818,
420,35.88,0.00,35.88,0,11.002198,
421,35.00,0.00,35.00,0,10.993697,
422,35.51,0.00,35.51,0,10.985242,
423,35.09,0.00,35.09,0,10.924484,
424,35.22,0.00,35.22,0,11.009738,
425,35.28,17.43,52.71,1,10.936694,7.8753
426,36.09,0.00,36.09,0,10.998725,
381,677.24,0.00,677.24,0,12.568992,
427,36.96,0.00,36.96,0,11.110358,
428,36.20,0.00,36.20,0,10.998672,
429,36.52,0.00,36.52,0,10.881593,
430,35.56,0.00,35.56,0,10.908620,
431,34.00,0.00,34.00,0,10.976656,
432,34.71,0.00,34.71,0,10.993356,
433,35.44,0.00,35.44,0,10.839814,
434,36.94,0.00,36.94,0,10.869686,
435,34.80,0.00,34.80,0,10.893274,
436,36.86,0.00,36.86,0,10.923685,
437,34.70,0.00,34.70,0,10.943218,
438,35.13,0.00,35.13,0,10.850589,
439,36.17,0.00,36.17,0,10.898624,
440,34.28,0.00,34.28,0,10.887426,
441,34.03,0.00,34.03,0,10.944077,
442,34.94,0.00,34.94,0,10.920656,
443,36.97,0.00,36.97,0,10.817471,
444,38.04,0.00,38.04,0,11.001078,
382,665.04,0.00,665.04,0,12.719646,
445,36.96,0.00,36.96,0,10.817468,
446,36.38,0.00,36.38,0,10.831980,
447,35.92,0.00,35.92,0,10.833579,
448,35.29,0.00,35.29,0,10.870907,
449,35.52,0.00,35.52,0,10.980106,
450,35.00,15.93,50.93,1,10.916327,7.8830
451,35.84,0.00,35.84,0,10.779388,
452,33.44,0.00,33.44,0,10.875278,
453,36.03,0.00,36.03,0,10.861144,
454,37.85,0.00,37.85,0,10.824864,
455,35.58,0.00,35.58,0,10.837785,
456,35.57,0.00,35.57,0,10.892974,
457,36.07,0.00,36.07,0,10.825016,
458,36.44,0.00,36.44,0,10.826216,
459,35.03,0.00,35.03,0,10.840336,
460,35.62,0.00,35.62,0,10.840155,
461,35.41,0.00,35.41,0,10.868993,
383,621.18,0.00,621.18,0,12.603642,
462,35.95,0.00,35.95,0,10.908045,
463,36.50,0.00,36.50,0,10.851091,
464,35.55,0.00,35.55,0,10.734803,
465,34.54,0.00,34.54,0,10.859693,
466,36.57,0.00,36.57,0,10.764944,
467,32.02,0.00,32.02,0,10.743473,
468,22.47,0.00,22.47,0,10.889508,
469,14.34,0.00,14.34,0,10.833974,
470,16.30,0.00,16.30,0,10.770399,
471,16.23,0.00,16.23,0,10.729907,
472,14.12,0.00,14.12,0,10.802917,
473,14.47,0.00,14.47,0,10.688582,
474,14.49,0.00,14.49,0,10.772476,
475,14.89,6.46,21.35,1,10.827251,7.6372
384,358.34,0.00,358.34,0,12.606486,
385,128.29,0.00,128.29,0,12.548289,
386,120.11,0.00,120.11,0,12.623899,
387,119.47,0.00,119.47,0,12.549314,
388,118.02,0.00,118.02,0,12.493619,
389,121.16,0.00,121.16,0,12.558245,
390,138.02,0.00,138.02,0,12.543473,
391,136.62,0.00,136.62,0,12.511960,
392,136.13,0.00,136.13,0,12.595218,
393,135.66,0.00,135.66,0,12.540766,
394,135.75,0.00,135.75,0,12.480762,
395,125.91,0.00,125.91,0,12.643352,
396,123.87,0.00,123.87,0,12.612043,
397,127.06,0.00,127.06,0,12.551178,
398,131.70,0.00,131.70,0,12.591104,
476,16.67,0.00,16.67,0,11.528532,
477,14.72,0.00,14.72,0,11.534209,
478,15.96,0.00,15.96,0,11.442725,
479,15.17,0.00,15.17,0,11.649402,
480,14.45,0.00,14.45,0,11.536757,
481,14.86,0.00,14.86,0,11.549367,
482,14.17,0.00,14.17,0,11.461168,
483,14.30,0.00,14.30,0,11.614223,
484,15.36,0.00,15.36,0,11.329247,
485,15.85,0.00,15.85,0,11.561348,
486,15.61,0.00,15.61,0,11.441359,
487,16.25,0.00,16.25,0,11.543361,
488,15.66,0.00,15.66,0,11.512153,
489,15.67,0.00,15.67,0,11.402355,
490,15.54,0.00,15.54,0,11.407759,
491,16.82,0.00,16.82,0,11.530086,
476,19.99,0.00,19.99,0,11.630802,
492,17.29,0.00,17.29,0,11.385415,
477,17.62,0.00,17.62,0,11.521544,
493,17.55,0.00,17.55,0,11.272243,
478,17.51,0.00,17.51,0,11.550385,
494,16.92,0.00,16.92,0,11.414991,
479,17.05,0.00,17.05,0,11.617137,
495,17.71,0.00,17.71,0,11.436095,
480,17.53,0.00,17.53,0,11.551350,
496,17.47,0.00,17.47,0,11.499955,
481,17.04,0.00,17.04,0,11.654564,
497,17.28,0.00,17.28,0,11.458662,
482,17.51,0.00,17.51,0,11.525689,
498,16.91,0.00,16.91,0,11.590490,
483,17.28,0.00,17.28,0,11.407604,
499,17.65,0.00,17.65,0,11.333264,
484,17.54,0.00,17.54,0,11.551745,
485,16.94,0.00,16.94,0,11.587987,
500,17.20,8.67,25.87,1,11.397869,8.0403
486,14.96,0.00,14.96,0,11.386085,
487,17.43,0.00,17.43,0,11.504802,
501,17.84,0.00,17.84,0,11.424086,
488,17.14,0.00,17.14,0,11.514685,
502,17.90,0.00,17.90,0,11.468825,
489,17.09,0.00,17.09,0,11.469230,
503,17.35,0.00,17.35,0,11.357078,
490,17.06,0.00,17.06,0,11.492053,
504,17.47,0.00,17.47,0,11.415953,
491,17.14,0.00,17.14,0,11.387706,
505,17.13,0.00,17.13,0,11.318224,
492,17.36,0.00,17.36,0,11.420539,
506,17.47,0.00,17.47,0,11.329518,
493,17.17,0.00,17.17,0,11.435358,
507,17.66,0.00,17.66,0,11.333670,
494,16.86,0.00,16.86,0,11.497153,
508,17.97,0.00,17.97,0,11.239968,
495,17.14,0.00,17.14,0,11.443798,
509,18.05,0.00,18.05,0,11.497717,
496,17.71,0.00,17.71,0,11.391150,
510,17.79,0.00,17.79,0,11.446640,
497,16.89,0.00,16.89,0,11.366377,
511,17.13,0.00,17.13,0,11.414352,
498,17.50,0.00,17.50,0,11.387116,
512,17.42,0.00,17.42,0,11.356015,
499,17.37,0.00,17.37,0,11.469417,
513,16.90,0.00,16.90,0,11.309972,
514,17.65,0.00,17.65,0,11.327796,
500,17.08,8.69,25.77,1,11.466318,8.0018
515,14.72,0.00,14.72,0,11.426953,
501,17.56,0.00,17.56,0,11.359756,
516,16.83,0.00,16.83,0,11.548470,
502,17.04,0.00,17.04,0,11.463340,
517,17.08,0.00,17.08,0,11.427565,
503,17.26,0.00,17.26,0,11.552703,
518,17.10,0.00,17.10,0,11.374470,
504,17.63,0.00,17.63,0,11.449823,
519,17.27,0.00,17.27,0,11.295204,
505,17.30,0.00,17.30,0,11.327402,
520,17.24,0.00,17.24,0,11.317286,
506,17.01,0.00,17.01,0,11.515840,
521,17.27,0.00,17.27,0,11.322407,
507,17.51,0.00,17.51,0,11.379283,
522,17.25,0.00,17.25,0,11.414249,
508,16.69,0.00,16.69,0,11.335771,
523,17.47,0.00,17.47,0,11.317553,
509,17.13,0.00,17.13,0,11.567252,
524,18.07,0.00,18.07,0,11.314542,
510,17.22,0.00,17.22,0,11.448086,
525,17.86,8.29,26.14,1,11.359071,7.9703
511,16.40,0.00,16.40,0,11.457348,
512,17.04,0.00,17.04,0,11.352504,
526,17.76,0.00,17.76,0,11.289171,
513,17.58,0.00,17.58,0,11.415517,
527,17.34,0.00,17.34,0,11.395013,
514,17.47,0.00,17.47,0,11.350963,
528,17.67,0.00,17.67,0,11.213861,
515,17.92,0.00,17.92,0,11.354510,
529,17.69,0.00,17.69,0,11.249718,
516,17.16,0.00,17.16,0,11.442964,
530,17.82,0.00,17.82,0,11.296498,
517,16.69,0.00,16.69,0,11.313150,
531,17.46,0.00,17.46,0,11.322329,
518,17.01,0.00,17.01,0,11.446896,
532,17.35,0.00,17.35,0,11.266254,
519,16.97,0.00,16.97,0,11.398017,
533,17.36,0.00,17.36,0,11.294364,
520,17.11,0.00,17.11,0,11.399379,
534,17.85,0.00,17.85,0,11.296651,
521,17.02,0.00,17.02,0,11.370005,
535,18.30,0.00,18.30,0,11.204333,
522,16.68,0.00,16.68,0,11.346920,
536,17.60,0.00,17.60,0,11.349157,
523,17.39,0.00,17.39,0,11.426286,
537,17.75,0.00,17.75,0,11.236124,
524,17.47,0.00,17.47,0,11.289463,
538,17.57,0.00,17.57,0,11.285375,
525,17.27,8.35,25.62,1,11.236098,7.9387
539,16.64,0.00,16.64,0,11.236165,
540,15.73,0.00,15.73,0,11.263419,
526,16.93,0.00,16.93,0,11.403742,
541,17.34,0.00,17.34,0,11.275682,
527,17.16,0.00,17.16,0,11.393002,
542,17.39,0.00,17.39,0,11.214372,
528,17.42,0.00,17.42,0,11.279709,
543,17.03,0.00,17.03,0,11.207678,
529,17.01,0.00,17.01,0,11.339757,
544,17.03,0.00,17.03,0,11.204172,
530,17.33,0.00,17.33,0,11.331039,
545,16.92,0.00,16.92,0,11.133325,
531,17.76,0.00,17.76,0,11.284735,
546,18.15,0.00,18.15,0,11.262724,
532,17.04,0.00,17.04,0,11.341812,
547,17.71,0.00,17.71,0,11.365374,
533,17.86,0.00,17.86,0,11.271906,
548,17.12,0.00,17.12,0,11.236071,
534,16.30,0.00,16.30,0,11.356375,
549,18.37,0.00,18.37,0,11.264691,
535,16.70,0.00,16.70,0,11.330690,
536,17.30,0.00,17.30,0,11.259038,
550,17.30,8.13,25.43,1,11.237885,7.8661
537,14.89,0.00,14.89,0,11.358923,
538,14.16,0.00,14.16,0,11.345340,
539,14.94,0.00,14.94,0,11.365943,
540,14.40,0.00,14.40,0,11.324767,
541,14.12,0.00,14.12,0,11.208539,
542,14.03,0.00,14.03,0,11.259855,
543,13.71,0.00,13.71,0,11.228153,
544,14.12,0.00,14.12,0,11.319541,
545,14.37,0.00,14.37,0,11.246550,
546,14.12,0.00,14.12,0,11.352469,
547,13.84,0.00,13.84,0,11.209816,
548,13.56,0.00,13.56,0,11.221693,
549,13.89,0.00,13.89,0,11.190987,
550,16.68,5.66,22.34,1,11.239970,7.8778
551,14.50,0.00,14.50,0,12.178827,
552,11.61,0.00,11.61,0,12.134905,
553,12.01,0.00,12.01,0,12.188157,
554,11.69,0.00,11.69,0,12.158883,
555,11.53,0.00,11.53,0,12.007572,
556,11.63,0.00,11.63,0,12.056039,
557,11.62,0.00,11.62,0,12.142642,
558,11.81,0.00,11.81,0,12.142904,
559,11.79,0.00,11.79,0,12.188107,
560,11.39,0.00,11.39,0,12.118540,
561,11.52,0.00,11.52,0,12.064564,
562,11.58,0.00,11.58,0,12.072025,
563,11.84,0.00,11.84,0,12.123124,
564,11.85,0.00,11.85,0,12.085798,
565,11.56,0.00,11.56,0,11.998241,
566,11.60,0.00,11.60,0,12.084321,
567,11.46,0.00,11.46,0,12.013541,
568,11.83,0.00,11.83,0,12.175269,
569,11.91,0.00,11.91,0,12.096384,
570,12.72,0.00,12.72,0,12.218487,
571,11.81,0.00,11.81,0,12.039048,
572,11.19,0.00,11.19,0,12.103088,
573,11.67,0.00,11.67,0,12.013871,
574,12.75,0.00,12.75,0,12.101312,
575,12.45,7.08,19.53,1,12.046406,8.5204
551,15.43,0.00,15.43,0,12.217914,
576,16.20,0.00,16.20,0,12.059519,
552,15.82,0.00,15.82,0,12.221081,
553,16.11,0.00,16.11,0,12.100039,
577,16.32,0.00,16.32,0,12.039025,
554,15.86,0.00,15.86,0,12.142730,
578,16.26,0.00,16.26,0,11.950826,
555,15.76,0.00,15.76,0,12.134704,
579,16.14,0.00,16.14,0,12.055688,
556,16.04,0.00,16.04,0,12.128761,
580,15.90,0.00,15.90,0,11.982343,
557,15.95,0.00,15.95,0,12.185244,
581,16.29,0.00,16.29,0,12.142217,
558,16.26,0.00,16.26,0,12.041751,
582,16.09,0.00,16.09,0,11.983710,
559,15.69,0.00,15.69,0,12.012239,
583,16.07,0.00,16.07,0,12.009516,
560,15.76,0.00,15.76,0,12.041614,
584,16.24,0.00,16.24,0,11.942780,
561,16.33,0.00,16.33,0,11.998064,
585,16.65,0.00,16.65,0,12.111182,
562,15.93,0.00,15.93,0,12.292013,
586,15.96,0.00,15.96,0,11.993582,
563,15.74,0.00,15.74,0,12.064089,
587,16.13,0.00,16.13,0,11.972494,
564,15.92,0.00,15.92,0,12.089945,
588,15.61,0.00,15.61,0,12.099795,
565,15.65,0.00,15.65,0,11.975695,
589,16.29,0.00,16.29,0,12.097025,
566,15.76,0.00,15.76,0,12.043120,
590,16.32,0.00,16.32,0,12.018264,
567,15.71,0.00,15.71,0,12.082667,
591,16.22,0.00,16.22,0,11.968108,
568,16.14,0.00,16.14,0,12.111197,
592,16.29,0.00,16.29,0,12.030860,
569,15.67,0.00,15.67,0,12.180512,
593,15.94,0.00,15.94,0,12.065330,
570,15.93,0.00,15.93,0,12.041936,
594,16.14,0.00,16.14,0,11.954488,
571,16.10,0.00,16.10,0,11.953125,
595,16.44,0.00,16.44,0,12.034570,
572,15.75,0.00,15.75,0,12.046553,
596,15.99,0.00,15.99,0,11.927787,
573,15.85,0.00,15.85,0,12.117676,
597,16.01,0.00,16.01,0,11.939522,
574,15.87,0.00,15.87,0,12.121103,
598,15.84,0.00,15.84,0,12.057405,
599,15.47,0.00,15.47,0,12.115292,
575,15.98,7.60,23.58,1,12.094156,8.4364
600,13.07,7.07,20.14,1,12.096068,8.4377
576,13.98,0.00,13.98,0,12.159580,
577,15.38,0.00,15.38,0,12.043361,
601,15.79,0.00,15.79,0,11.993479,
578,15.58,0.00,15.58,0,12.041596,
602,16.00,0.00,16.00,0,11.956841,
579,16.10,0.00,16.10,0,12.038641,
603,16.05,0.00,16.05,0,12.249198,
580,15.84,0.00,15.84,0,11.966473,
604,16.09,0.00,16.09,0,12.011103,
581,15.76,0.00,15.76,0,11.959356,
605,15.98,0.00,15.98,0,11.927058,
582,15.69,0.00,15.69,0,12.054615,
606,16.00,0.00,16.00,0,12.071639,
583,15.80,0.00,15.80,0,12.065807,
607,16.11,0.00,16.11,0,11.957459,
584,15.73,0.00,15.73,0,11.914023,
608,15.96,0.00,15.96,0,11.843975,
585,16.31,0.00,16.31,0,11.970498,
609,16.12,0.00,16.12,0,11.968031,
586,16.09,0.00,16.09,0,12.006389,
610,16.25,0.00,16.25,0,11.914614,
587,16.04,0.00,16.04,0,12.066657,
611,15.96,0.00,15.96,0,11.907633,
588,15.57,0.00,15.57,0,12.009088,
612,15.92,0.00,15.92,0,12.055154,
589,16.04,0.00,16.04,0,12.133183,
613,16.36,0.00,16.37,0,11.943748,
590,16.15,0.00,16.15,0,11.879057,
614,16.48,0.00,16.48,0,12.024879,
591,15.86,0.00,15.86,0,12.100545,
615,16.15,0.00,16.15,0,11.971075,
592,16.02,0.00,16.02,0,12.108910,
616,15.85,0.00,15.85,0,11.914242,
593,15.71,0.00,15.71,0,11.989583,
617,15.81,0.00,15.81,0,11.959074,
594,15.40,0.00,15.40,0,11.914178,
618,16.26,0.00,16.26,0,11.977272,
595,15.77,0.00,15.77,0,12.051742,
619,16.02,0.00,16.02,0,12.011970,
596,15.83,0.00,15.83,0,12.084779,
620,15.90,0.00,15.90,0,12.034063,
597,15.81,0.00,15.81,0,11.940435,
621,16.13,0.00,16.13,0,11.972861,
598,15.88,0.00,15.88,0,12.036017,
622,15.78,0.00,15.78,0,11.869778,
599,15.92,0.00,15.92,0,12.033109,
623,16.09,0.00,16.09,0,11.897465,
624,15.41,0.00,15.41,0,12.061772,
600,15.47,7.39,22.86,1,12.060843,8.4119
625,12.94,7.26,20.20,1,11.933699,8.3521
601,14.37,0.00,14.37,0,11.921430,
602,14.54,0.00,14.54,0,11.974195,
626,16.02,0.00,16.02,0,12.170044,
603,15.99,0.00,15.99,0,12.027070,
627,15.73,0.00,15.73,0,11.979026,
604,15.59,0.00,15.59,0,11.993254,
628,15.98,0.00,15.98,0,11.988378,
605,15.99,0.00,15.99,0,12.003941,
629,16.22,0.00,16.22,0,11.823961,
606,15.69,0.00,15.69,0,11.986859,
630,16.10,0.00,16.10,0,12.081662,
607,15.75,0.00,15.75,0,11.864647,
631,15.90,0.00,15.90,0,11.939449,
608,15.61,0.00,15.61,0,12.065440,
632,15.84,0.00,15.84,0,12.006163,
609,15.61,0.00,15.61,0,12.058574,
633,15.76,0.00,15.76,0,11.967208,
610,15.51,0.00,15.51,0,11.909247,
634,16.03,0.00,16.03,0,12.132266,
611,15.65,0.00,15.65,0,11.992068,
635,16.07,0.00,16.07,0,11.931523,
612,15.78,0.00,15.78,0,12.044290,
636,16.03,0.00,16.03,0,11.905663,
613,15.57,0.00,15.57,0,11.880087,
637,15.84,0.00,15.84,0,11.894390,
614,15.97,0.00,15.97,0,11.896738,
638,15.79,0.00,15.79,0,11.961876,
615,16.14,0.00,16.14,0,11.882754,
639,16.13,0.00,16.13,0,11.969746,
616,15.79,0.00,15.79,0,11.855090,
640,15.92,0.00,15.92,0,11.923351,
617,16.09,0.00,16.09,0,11.920415,
641,15.94,0.00,15.94,0,11.918208,
618,16.17,0.00,16.17,0,11.928663,
642,15.96,0.00,15.96,0,11.763169,
619,15.94,0.00,15.94,0,11.985081,
643,16.32,0.00,16.32,0,11.824318,
620,15.94,0.00,15.94,0,11.870158,
644,16.14,0.00,16.14,0,11.914396,
621,16.20,0.00,16.20,0,11.863539,
645,16.59,0.00,16.59,0,11.868097,
622,16.21,0.00,16.21,0,11.927770,
646,17.51,0.00,17.51,0,11.843023,
623,17.81,0.00,17.81,0,11.989101,
647,17.69,0.00,17.69,0,11.903504,
624,17.48,0.00,17.48,0,11.841332,
648,16.91,0.00,16.91,0,11.977248,
625,16.47,8.03,24.50,1,11.973148,8.4604
649,15.98,0.00,15.98,0,11.850875,
626,16.40,0.00,16.40,0,11.917495,
650,15.61,7.90,23.51,1,11.755437,8.3268
627,13.04,0.00,13.04,0,12.021031,
651,16.57,0.00,16.57,0,11.839369,
628,15.84,0.00,15.84,0,11.875151,
652,16.29,0.00,16.29,0,11.933726,
629,15.72,0.00,15.72,0,11.813107,
653,16.40,0.00,16.40,0,11.908791,
630,16.18,0.00,16.18,0,12.062532,
654,16.87,0.00,16.87,0,11.706305,
631,16.17,0.00,16.17,0,11.967289,
655,16.79,0.00,16.79,0,11.773944,
632,15.95,0.00,15.95,0,11.920281,
656,16.61,0.00,16.61,0,11.857751,
633,15.84,0.00,15.84,0,11.880067,
657,16.35,0.00,16.35,0,11.795887,
634,16.23,0.00,16.23,0,11.896201,
635,16.10,0.00,16.10,0,12.031821,
658,16.55,0.00,16.55,0,11.860878,
636,16.14,0.00,16.14,0,11.903817,
659,16.46,0.00,16.46,0,11.954152,
637,16.15,0.00,16.15,0,11.892400,
660,16.61,0.00,16.61,0,11.816449,
638,16.74,0.00,16.74,0,11.782588,
661,17.28,0.00,17.28,0,11.858481,
639,16.54,0.00,16.54,0,11.973401,
662,16.72,0.00,16.72,0,11.838368,
640,16.09,0.00,16.09,0,11.973097,
663,16.45,0.00,16.45,0,11.831821,
641,17.18,0.00,17.18,0,11.909553,
664,17.18,0.00,17.18,0,11.966580,
642,16.65,0.00,16.65,0,11.942733,
665,16.89,0.00,16.89,0,11.891603,
643,17.01,0.00,17.01,0,12.017333,
666,16.41,0.00,16.41,0,11.916432,
644,17.06,0.00,17.06,0,11.910103,
667,16.74,0.00,16.74,0,11.849742,
645,16.53,0.00,16.53,0,11.890780,
668,16.61,0.00,16.61,0,11.829205,
646,16.50,0.00,16.50,0,11.813194,
669,16.73,0.00,16.73,0,11.832458,
647,16.39,0.00,16.39,0,11.875326,
670,16.69,0.00,16.69,0,11.879101,
648,16.23,0.00,16.23,0,11.957125,
671,16.26,0.00,16.26,0,11.787162,
649,16.19,0.00,16.19,0,11.917212,
672,16.28,0.00,16.28,0,11.922612,
673,16.51,0.00,16.51,0,11.898063,
650,16.14,7.16,23.31,1,11.888180,8.3198
674,13.09,0.00,13.09,0,11.855432,
651,16.05,0.00,16.05,0,11.871333,
675,15.79,7.47,23.27,1,11.829753,8.3068
652,13.55,0.00,13.55,0,11.793952,
653,16.23,0.00,16.23,0,11.923692,
676,16.83,0.00,16.83,0,11.905145,
654,17.32,0.00,17.32,0,11.817606,
677,16.96,0.00,16.96,0,11.871491,
655,16.38,0.00,16.38,0,11.872109,
678,16.57,0.00,16.57,0,11.826606,
656,16.89,0.00,16.89,0,11.905134,
679,16.81,0.00,16.81,0,11.652582,
657,16.04,0.00,16.04,0,11.888686,
680,16.74,0.00,16.74,0,11.792573,
658,16.35,0.00,16.35,0,11.960261,
681,16.70,0.00,16.70,0,11.765535,
659,17.07,0.00,17.07,0,11.859325,
682,17.09,0.00,17.09,0,11.770318,
660,16.67,0.00,16.67,0,11.838405,
683,16.37,0.00,16.37,0,11.824018,
661,16.35,0.00,16.35,0,11.809752,
684,16.15,0.00,16.15,0,11.773092,
662,16.45,0.00,16.45,0,11.800043,
685,16.71,0.00,16.71,0,11.839043,
663,16.09,0.00,16.09,0,11.923656,
686,16.35,0.00,16.35,0,11.863663,
664,16.20,0.00,16.20,0,11.841286,
687,16.32,0.00,16.32,0,11.774378,
665,16.26,0.00,16.26,0,11.829392,
688,16.58,0.00,16.58,0,11.799522,
666,16.41,0.00,16.41,0,11.752632,
689,16.52,0.00,16.52,0,11.868244,
667,16.44,0.00,16.44,0,11.810766,
690,16.14,0.00,16.14,0,11.710786,
668,16.41,0.00,16.41,0,11.864552,
691,16.65,0.00,16.65,0,11.817553,
669,16.38,0.00,16.38,0,11.961761,
692,16.57,0.00,16.57,0,11.837968,
670,16.60,0.00,16.60,0,11.816135,
693,16.55,0.00,16.55,0,11.787247,
671,16.15,0.00,16.15,0,11.953465,
694,16.73,0.00,16.73,0,11.801062,
672,16.26,0.00,16.26,0,11.910186,
695,16.88,0.00,16.88,0,11.789268,
673,16.62,0.00,16.62,0,11.948193,
696,16.31,0.00,16.31,0,11.764226,
674,16.16,0.00,16.16,0,11.706592,
697,16.16,0.00,16.16,0,11.727295,
698,15.43,0.00,15.43,0,11.780443,
675,15.80,7.60,23.40,1,12.012434,8.2908
699,13.26,0.00,13.26,0,11.827688,
676,16.48,0.00,16.48,0,11.858374,
700,16.73,8.37,25.09,1,11.720005,8.2770
677,15.87,0.00,15.87,0,11.866779,
678,12.36,0.00,12.36,0,11.974483,
679,12.81,0.00,12.81,0,11.770956,
680,12.58,0.00,12.58,0,11.745787,
681,12.81,0.00,12.81,0,11.774552,
682,14.08,0.00,14.08,0,11.776261,
683,13.50,0.00,13.50,0,11.840320,
684,13.59,0.00,13.59,0,11.784146,
685,13.83,0.00,13.83,0,11.799653,
686,12.49,0.00,12.49,0,11.756398,
687,13.45,0.00,13.45,0,11.782425,
688,12.86,0.00,12.86,0,11.737738,
689,12.89,0.00,12.89,0,11.808425,
690,13.21,0.00,13.21,0,11.685036,
691,12.55,0.00,12.55,0,11.907766,
692,12.86,0.00,12.86,0,11.792107,
693,12.26,0.00,12.26,0,11.718935,
694,12.97,0.00,12.97,0,11.842941,
695,13.19,0.00,13.19,0,11.777040,
696,13.26,0.00,13.26,0,11.936349,
697,13.36,0.00,13.36,0,11.832783,
698,13.07,0.00,13.07,0,11.706141,
699,13.09,0.00,13.09,0,12.010247,
700,12.75,6.13,18.88,1,11.792502,8.2088
701,16.13,0.00,16.13,0,11.945855,
702,12.66,0.00,12.66,0,11.825706,
703,12.72,0.00,12.72,0,11.780058,
704,12.89,0.00,12.89,0,11.806214,
705,12.64,0.00,12.64,0,11.799189,
706,12.17,0.00,12.17,0,11.818928,
707,13.41,0.00,13.41,0,11.856028,
708,11.77,0.00,11.77,0,11.695247,
709,12.10,0.00,12.10,0,11.793694,
710,11.80,0.00,11.80,0,11.677538,
711,12.61,0.00,12.61,0,11.838034,
712,11.87,0.00,11.87,0,11.857903,
713,11.93,0.00,11.93,0,11.728501,
714,12.29,0.00,12.29,0,11.716910,
715,12.12,0.00,12.12,0,11.716963,
716,11.80,0.00,11.80,0,11.723244,
717,12.42,0.00,12.42,0,11.614973,
718,12.48,0.00,12.48,0,11.818056,
719,11.30,0.00,11.30,0,11.709563,
720,12.27,0.00,12.27,0,11.675175,
721,12.86,0.00,12.86,0,11.691671,
722,12.68,0.00,12.68,0,11.715712,
723,12.81,0.00,12.81,0,11.705585,
724,15.52,0.00,15.52,0,11.617681,
725,20.85,7.11,27.96,1,11.756069,8.0553
726,19.12,0.00,19.12,0,11.705243,
727,18.52,0.00,18.52,0,11.736267,
728,11.78,0.00,11.78,0,11.705322,
729,12.26,0.00,12.26,0,11.752055,
730,12.33,0.00,12.33,0,11.628173,
731,12.66,0.00,12.66,0,11.755541,
732,13.45,0.00,13.45,0,11.646854,
733,12.44,0.00,12.44,0,11.695293,
734,12.35,0.00,12.35,0,11.753869,
735,12.51,0.00,12.51,0,11.677052,
736,12.31,0.00,12.31,0,11.658448,
737,12.48,0.00,12.48,0,11.691195,
738,12.61,0.00,12.61,0,11.635971,
739,12.75,0.00,12.75,0,11.594946,
740,13.26,0.00,13.26,0,11.619785,
